ncbiaccession,asm_level,amrfinder_applied,scientific_name,number_drugs_tested,mindiff,organism,target_acc,isolate_identifiers,isolation_source,assembly_method,number_drugs_intermediate,target_creation_date,biosample_create_date,ncbi_pfge2pattern,ncbi_strain,coverage,asm_stats_n_contig,host_disease,virulence_genotypes,asm_stats_length_bp,isolate_name_alias,bioproject_modify_date,breed,dtype,asm_stats_n_scaf,env_material,specimen_voucher,binomial_name,Phagetype,submitter_org,BasecallerVersion,sub_scope,prj_name,family_taxid,lab_host,LibrarySelection,asm_display_name,attribute_package_version,passage_history,biosample_release_date,parent_taxid,biosample_center,fullasm_id,computed_types,number_drugs_resistant,taxid,wgs_acc_prefix,minsame,stress_genotypes,FDA_lab_id,ncbi_isolationdate,ncbi_serotype,HHS_region,number_core_amr_genes,amrfinder_version,sra_release_date,number_drugs_susceptible,bioproject_acc,amrfinder_analysis_type,description,ncbi_calculatedserotype,sra_create_date,NARMS_isolate_number,env_feature,bioproject_release_date,subtype,cultivar,host_subject_id,host_disease_stage,aliases,bioproject_create_date,LibrarySource,asm_modify_dt,host_disease_outcome,long_assembly_name,replaced_by_taxid,LibraryName,complete_fl,asm_version,InsertSize,sra_modify_date,LibraryStrategy,Basecaller,RunDate,umbrella_bioproject_id,asm_create_dt,low_quality_assembly,sub_capture,Model,Run,label,number_amr_genes,host,isolate,ncbi_outbreak,wgs_master_acc,attribute_package,wgs_acc_number,number_stress_genes,host_age,ref_biomaterial,species_taxid,sra_center,number_virulence_genes,asm_stats_contig_n50,Platform,RunBases,asm_acc,lat_lon,collected_by,AMR_genotypes_core,AMR_genotypes,sample_name,IFSAC_category,ontological_term,ncbi_pfge1pattern,refgene_db_version,ncbi_sourcetype,LibraryLayout,geo_loc_name,bioproject_center,epi_type,AST_phenotypes,project_name,sequenced_by,biosample_id,bioproject_title,RunSpots,run_id,asm_stats_contig_l50,asm_stats_n_chr,host_tissue_sampled,host_health_state,asm_stats_n_replicons,env_biome,host_description,ToxinAdditInfo,has_antibiogram,has_publications,VirulenceMarker,low_quality_stats,asm_level_cd,wgs_master_gi,genotype,biosample_modify_date,ptype,culture_collection,AntigenForm,variation_target_id,ExperimentTitle,low_quality_annot,sra_stats_checksum,host_sex,division,sub_species,target_name,pathotype,low_quality_manual,lineage,is_live,target_modify_date,Experiment,Toxin,genus_taxid,subgroup,isolate_type,isol_growth_condt,asm_stats_ungapped_length_bp,sequencing_technology,RunCenter,bioproject_id,LibraryConstruction,asm_stats_scaf_n50,low_quality,sra_submission,submitter_release_dt,sub_methodtype,sub_material,sub_objectives,data_length,ncbi_snp_cluster_code,cluster_target_acc,gencoll_acc,ncbi_country,ncbi_state,ncbi_sedric_iso_state_choropleth_id,ncbi_pathogenname,ncbi_genus,ncbi_species,ncbi_strain_2,ncbi_submitteddate,SRR_ID,Outbreak,extra
SAMN08397373,Contig,,Salmonella enterica subsp. enterica serovar Typhimurium,,,Salmonella enterica subsp. enterica serovar Typhimurium,PDT000282474.2,"[PNUSAS032182, SRS2874375]",stool,SKESA v. 2.2,,1/29/18,1/25/18,,PNUSAS032182,104,53,,,4886683,,,,,,,,,,,,,,,,,,,,,,,24239068,,,90371,AAYHPB,,,,1/1/18,Typhimurium,7,,,1/29/18,,PRJNA230403,,,,2018-01-29T12:29:49.0,,,,,,,,,,,,,,,,,,,,,,,,,,,Illumina MiSeq,SRR6604491,,,,,,AAYHPB000000000.1,Pathogen: clinical or host-associated,1,,,,28901,EDLB-CDC,,317610,ILLUMINA,508920668,GCA_016357945.1,,CDC,,,PNUSAS032182,,,,,,PAIRED,USA,CDC,,,,,,,,,,,,,,,,,,,,,,,,,,,,,,,,,,,,,,,FALSE,1/29/18,,,,,,,,,,,,,,,,,,,509,PDS000013845.330,PDT000282474.2,GCA_016357945.1,USA,,,Salmonella,Salmonella,enterica,subsp. enterica serovar Typhimurium,1/25/18,SRR6604491,1904MLCO2-1,3
SAMN08452268,Contig,,Salmonella enterica subsp. enterica serovar Typhimurium,,,Salmonella enterica subsp. enterica serovar Typhimurium,PDT000284809.2,"[PNUSAS032674, SRS2911606]",stool,SKESA v. 2.2,,2/5/18,2/1/18,,PNUSAS032674,66,59,,,4886523,,,,,,,,,,,,,,,,,,,,,,,17997378,,,90371,AAQOFW,,,,12/1/17,Typhimurium,7,,,2/5/18,,PRJNA230403,,,,2018-02-05T08:49:24.0,,,,,,,,,,,,,,,,,,,,,,,,,,,Illumina MiSeq,SRR6670287,,,,,,AAQOFW000000000.1,Pathogen: clinical or host-associated,1,,,,28901,EDLB-CDC,,273328,ILLUMINA,326166286,GCA_011647055.1,,,,,PNUSAS032674,,,,,,PAIRED,USA,CDC,,,,,,,,,,,,,,,,,,,,,,,,,,,,,,,,,,,,,,,FALSE,2/5/18,,,,,,,,,,,,,,,,,,,507,PDS000013845.330,PDT000284809.2,GCA_011647055.1,USA,,,Salmonella,Salmonella,enterica,subsp. enterica serovar Typhimurium,2/1/18,SRR6670287,1904MLCO2-1,3
SAMN08616369,Contig,,Salmonella enterica,,,Salmonella enterica,PDT000289733.2,"[PNUSAS032664, SRS3002288]",,SKESA v. 2.2,,2/27/18,2/27/18,,PNUSAS032664,108,78,,,4882090,,,,,,,,,,,,,,,,,,,,,,,12611598,,,28901,AAIBXR,,,,,,,,,2/27/18,,PRJNA230403,,,,2018-02-27T10:27:20.0,,,,,,,,,,,,,,,,,,,,,,,,,,,Illumina MiSeq,SRR6786489,,,,,,AAIBXR000000000.1,Pathogen: clinical or host-associated,1,,,,28901,EDLB-CDC,,129355,ILLUMINA,527906070,GCA_007484685.1,,CDC,,,,,,,,,PAIRED,USA,CDC,,,,,,,,,,,,,,,,,,,,,,,,,,,,,,,,,,,,,,,FALSE,2/27/18,,,,,,,,,,,,,,,,,,,396,PDS000029655.17,PDT000289733.2,GCA_007484685.1,USA,,,Salmonella,Salmonella,enterica,,2/27/18,SRR6786489,1904MLCO2-1,3
SAMN09011236,Contig,,Salmonella enterica,,,Salmonella enterica,PDT000310947.2,"[PNUSAS039190, SRS3242568]",,SKESA v. 2.2,,5/2/18,5/2/18,,PNUSAS039190,64,52,,,4869849,,,,,,,,,,,,,,,,,,,,,,,12702668,,,28901,AAIIHP,,,,,,,,,5/2/18,,PRJNA230403,,,,2018-05-02T11:56:41.0,,,,,,,,,,,,,,,,,,,,,,,,,,,Illumina MiSeq,SRR7093180,,,,,,AAIIHP000000000.1,Pathogen: clinical or host-associated,1,,,,28901,EDLB-CDC,,390184,ILLUMINA,314020578,GCA_007574385.1,,CDC,,,,,,,,,PAIRED,USA,CDC,,,,,,,,,,,,,,,,,,,,,,,,,,,,,,,,,,,,,,,FALSE,5/2/18,,,,,,,,,,,,,,,,,,,395,PDS000008116.25,PDT000310947.2,GCA_007574385.1,USA,,,Salmonella,Salmonella,enterica,,5/2/18,SRR7093180,1801MLJIX-1,1
SAMN08114939,Contig,,Salmonella enterica,,,Salmonella enterica,PDT000269616.2,"[PNUSAS028903, SRS2739553]",,SKESA v. 2.2,,12/6/17,11/30/17,,PNUSAS028903,55,19,,,4708195,,,,,,,,,,,,,,,,,,,,,,,16227358,,,28901,AANEVK,,,,,,,,,12/6/17,,PRJNA230403,,,,2017-12-06T12:13:21.0,,,,,,,,,,,,,,,,,,,,,,,,,,,Illumina MiSeq,SRR6353955,,,,,,AANEVK000000000.1,Pathogen: clinical or host-associated,1,,,,28901,EDLB-CDC,,655664,ILLUMINA,263029532,GCA_010130465.1,,CDC,,,PNUSAS028903,,,,,,PAIRED,USA,CDC,,,,,,,,,,,,,,,,,,,,,,,,,,,,,,,,,,,,,,,FALSE,12/6/17,,,,,,,,,,,,,,,,,,,408,PDS000029581.54,PDT000269616.2,GCA_010130465.1,USA,,,Salmonella,Salmonella,enterica,,11/30/17,SRR6353955,1711WAJJP-1,2
SAMN08386652,Contig,,Salmonella enterica subsp. enterica serovar Typhimurium,,,Salmonella enterica subsp. enterica serovar Typhimurium,PDT000282157.2,"[PNUSAS029726, SRS2871119]",stool,SKESA v. 2.2,,1/26/18,1/23/18,,PNUSAS029726,78,97,,,4875965,,,,,,,,,,,,,,,,,,,,,,,17451558,,,90371,AAPJHD,,,,11/1/17,Typhimurium,3,,,1/26/18,,PRJNA230403,,,,2018-01-26T13:32:41.0,,,,,,,,,,,,,,,,,,,,,,,,,,,Illumina MiSeq,SRR6515212,,,,,,AAPJHD000000000.1,Pathogen: clinical or host-associated,1,,,,28901,EDLB-CDC,,99338,ILLUMINA,381978154,GCA_011138075.1,,CDC,,,PNUSAS029726,,,,,,PAIRED,USA,CDC,,,,,,,,,,,,,,,,,,,,,,,,,,,,,,,,,,,,,,,FALSE,1/26/18,,,,,,,,,,,,,,,,,,,509,PDS000013845.330,PDT000282157.2,GCA_011138075.1,USA,,,Salmonella,Salmonella,enterica,subsp. enterica serovar Typhimurium,1/23/18,SRR6515212,1904MLCO2-1,3
SAMN09213374,Contig,,Salmonella enterica,,,Salmonella enterica,PDT000315251.2,"[PNUSAS040685, SRS3305102]",,SKESA v. 2.2,,5/16/18,5/16/18,,PNUSAS040685,74,177,,,4839757,,,,,,,,,,,,,,,,,,,,,,,11162178,,,28901,AAFBNT,,,,,,,,,5/16/18,,PRJNA230403,,,,2018-05-16T09:56:31.0,,,,,,,,,,,,,,,,,,,,,,,,,,,Illumina MiSeq,SRR7170560,,,,,,AAFBNT000000000.1,Pathogen: clinical or host-associated,1,,,,28901,EDLB-CDC,,60328,ILLUMINA,359198658,GCA_006291375.1,,CDC,,,,,,,,,PAIRED,USA,CDC,,,,,,,,,,,,,,,,,,,,,,,,,,,,,,,,,,,,,,,FALSE,5/16/18,,,,,,,,,,,,,,,,,,,397,PDS000008116.25,PDT000315251.2,GCA_006291375.1,USA,,,Salmonella,Salmonella,enterica,,5/16/18,SRR7170560,1801MLJIX-1,1
SAMN08092877,Contig,,Salmonella enterica subsp. enterica serovar Newport,,,Salmonella enterica subsp. enterica serovar Newport,PDT000267298.2,"[PNUSAS028117, SRS2716597]",stool,SKESA v. 2.2,,11/27/17,11/22/17,,PNUSAS028117,150,22,,,4710226,,,,,,,,,,,,,,,,,,,,,,,15058768,,,108619,AAMWIR,,,,11/1/17,Newport,10,,,11/27/17,,PRJNA230403,,,,2017-11-27T16:24:20.0,,,,,,,,,,,,,,,,,,,,,,,,,,,Illumina MiSeq,SRR6325217,,,,,,AAMWIR000000000.1,Pathogen: clinical or host-associated,1,,,,28901,EDLB-CDC,,431708,ILLUMINA,711141672,GCA_009531535.1,,CDC,,,PNUSAS028117,,,,,,PAIRED,USA,CDC,,,,,,,,,,,,,,,,,,,,,,,,,,,,,,,,,,,,,,,FALSE,11/27/17,,,,,,,,,,,,,,,,,,,499,PDS000029581.54,PDT000267298.2,GCA_009531535.1,USA,,,Salmonella,Salmonella,enterica,subsp. enterica serovar Newport,11/22/17,SRR6325217,1711WAJJP-1,2
SAMN08399510,Contig,,Salmonella enterica subsp. enterica serovar Typhimurium,,,Salmonella enterica subsp. enterica serovar Typhimurium,PDT000282845.2,"[PNUSAS032676, SRS2895252]",stool,SKESA v. 2.2,,1/30/18,1/26/18,,PNUSAS032676,138,69,,,4872109,,,,,,,,,,,,,,,,,,,,,,,16089968,,,90371,AANBTU,,,,11/1/17,Typhimurium,6,,,1/30/18,,PRJNA230403,,,,2018-01-30T11:58:21.0,,,,,,,,,,,,,,,,,,,,,,,,,,,Illumina MiSeq,SRR6650919,,,,,,AANBTU000000000.1,Pathogen: clinical or host-associated,1,,,,28901,EDLB-CDC,,200738,ILLUMINA,676721690,GCA_010003285.1,,,,,PNUSAS032676,,,,,,PAIRED,USA,CDC,,,,,,,,,,,,,,,,,,,,,,,,,,,,,,,,,,,,,,,FALSE,1/30/18,,,,,,,,,,,,,,,,,,,508,PDS000013853.206,PDT000282845.2,GCA_010003285.1,USA,,,Salmonella,Salmonella,enterica,subsp. enterica serovar Typhimurium,1/26/18,SRR6650919,1904MLCO2-1,3
SAMN08452267,Contig,,Salmonella enterica subsp. enterica serovar Typhimurium,,,Salmonella enterica subsp. enterica serovar Typhimurium,PDT000284817.2,"[PNUSAS032673, SRS2911614]",stool,SKESA v. 2.2,,2/5/18,2/1/18,,PNUSAS032673,73,62,,,4884171,,,,,,,,,,,,,,,,,,,,,,,17909798,,,90371,AAQJAK,,,,11/1/17,Typhimurium,7,,,2/5/18,,PRJNA230403,,,,2018-02-05T08:49:28.0,,,,,,,,,,,,,,,,,,,,,,,,,,,Illumina MiSeq,SRR6670295,,,,,,AAQJAK000000000.1,Pathogen: clinical or host-associated,1,,,,28901,EDLB-CDC,,213777,ILLUMINA,358987644,GCA_011567445.1,,,,,PNUSAS032673,,,,,,PAIRED,USA,CDC,,,,,,,,,,,,,,,,,,,,,,,,,,,,,,,,,,,,,,,FALSE,2/5/18,,,,,,,,,,,,,,,,,,,505,PDS000013845.330,PDT000284817.2,GCA_011567445.1,USA,,,Salmonella,Salmonella,enterica,subsp. enterica serovar Typhimurium,2/1/18,SRR6670295,1904MLCO2-1,3
SAMN11823148,Contig,,Salmonella enterica,,,Salmonella enterica,PDT000504851.1,"[PNUSAS075192, SRS4803679]",,SKESA v. 2.2,,5/22/19,5/22/19,,PNUSAS075192,122,118,,,4671881,,,,,,,,,,,,,,,,,,,,,,,10779538,,,28901,AAEBTM,,,,,,,,,5/22/19,,PRJNA230403,,,,2019-05-22T11:31:35.0,,,,,,,,,,,,,,,,,,,,,,,,,,,Illumina MiSeq,SRR9106301,,,,,,AAEBTM000000000.1,Pathogen: environmental/food/other,1,,,,28901,EDLB-CDC,,82046,ILLUMINA,570271667,GCA_005918565.1,,NY,,,,,,,,,PAIRED,USA:NY,CDC,,,,,,,,,,,,,,,,,,,,,,,,,,,,,,,,,,,,,,,FALSE,5/22/19,,,,,,,,,,,,,,,,,,,396,PDS000044929.11,PDT000504851.1,GCA_005918565.1,USA,NY,USA136,Salmonella,Salmonella,enterica,,5/22/19,SRR9106301,1904MLCO2-1,3
SAMN08134370,Contig,,Salmonella enterica subsp. enterica serovar Newport,,,Salmonella enterica subsp. enterica serovar Newport,PDT000269948.2,"[PNUSAS029433, SRS2744236]",stool,SKESA v. 2.2,,12/8/17,12/5/17,,PNUSAS029433,72,100,,,4697587,,,,,,,,,,,,,,,,,,,,,,,15054708,,,108619,AAMWVP,,,,11/1/17,Newport,10,,,12/8/17,,PRJNA230403,,,,2017-12-07T14:39:18.0,,,,,,,,,,,,,,,,,,,,,,,,,,,Illumina MiSeq,SRR6359144,,,,,,AAMWVP000000000.1,Pathogen: clinical or host-associated,1,,,,28901,EDLB-CDC,,90141,ILLUMINA,341364643,GCA_009528155.1,,CDC,,,PNUSAS029433,,,,,,PAIRED,USA,CDC,,,,,,,,,,,,,,,,,,,,,,,,,,,,,,,,,,,,,,,FALSE,12/8/17,,,,,,,,,,,,,,,,,,,499,PDS000029581.54,PDT000269948.2,GCA_009528155.1,USA,,,Salmonella,Salmonella,enterica,subsp. enterica serovar Newport,12/5/17,SRR6359144,1711WAJJP-1,2
SAMN08153785,Contig,,Salmonella enterica subsp. enterica serovar Newport,,,Salmonella enterica subsp. enterica serovar Newport,PDT000272681.2,"[PNUSAS029444, SRS2761335]",stool,SKESA v. 2.2,,12/15/17,12/8/17,,PNUSAS029444,98,69,,,4705140,,,,,,,,,,,,,,,,,,,,,,,15125448,,,108619,AANAIS,,,,11/1/17,Newport,10,,,12/15/17,,PRJNA230403,,,,2017-12-15T16:15:20.0,,,,,,,,,,,,,,,,,,,,,,,,,,,Illumina MiSeq,SRR6380934,,,,,,AANAIS000000000.1,Pathogen: clinical or host-associated,1,,,,28901,EDLB-CDC,,139449,ILLUMINA,465651806,GCA_009590125.1,,CDC,,,PNUSAS029444,,,,,,PAIRED,USA,CDC,,,,,,,,,,,,,,,,,,,,,,,,,,,,,,,,,,,,,,,FALSE,12/15/17,,,,,,,,,,,,,,,,,,,500,PDS000029581.54,PDT000272681.2,GCA_009590125.1,USA,,,Salmonella,Salmonella,enterica,subsp. enterica serovar Newport,12/8/17,SRR6380934,1711WAJJP-1,2
SAMN08379471,Contig,,Salmonella enterica subsp. enterica serovar Typhimurium,,,Salmonella enterica subsp. enterica serovar Typhimurium,PDT000280852.2,"[PNUSAS032335, SRS2850330]",stool,SKESA v. 2.2,,1/24/18,1/19/18,,PNUSAS032335,106,53,,,4888871,,,,,,,,,,,,,,,,,,,,,,,17886108,,,90371,AAQHIK,,,,12/1/17,Typhimurium,5,,,1/23/18,,PRJNA230403,,,,2018-01-23T13:34:31.0,,,,,,,,,,,,,,,,,,,,,,,,,,,Illumina MiSeq,SRR6491254,,,,,,AAQHIK000000000.1,Pathogen: clinical or host-associated,1,,,,28901,EDLB-CDC,,273328,ILLUMINA,522268589,GCA_011544055.1,,CDC,,,PNUSAS032335,,,,,,PAIRED,USA,CDC,,,,,,,,,,,,,,,,,,,,,,,,,,,,,,,,,,,,,,,FALSE,1/24/18,,,,,,,,,,,,,,,,,,,511,PDS000013845.330,PDT000280852.2,GCA_011544055.1,USA,,,Salmonella,Salmonella,enterica,subsp. enterica serovar Typhimurium,1/19/18,SRR6491254,1904MLCO2-1,3
SAMN08616384,Contig,,Salmonella enterica subsp. enterica serovar Typhimurium,,,Salmonella enterica subsp. enterica serovar Typhimurium,PDT000289749.2,"[PNUSAS032668, SRS3002343]",,SKESA v. 2.2,,2/27/18,2/27/18,,PNUSAS032668,426,56,,,4888461,,,,,,,,,,,,,,,,,,,,,,,13841478,,,90371,AAKOQN,,,,10/1/17,Typhimurium,4,,,2/27/18,,PRJNA230403,,,,2018-02-27T10:32:27.0,,,,,,,,,,,,,,,,,,,,,,,,,,,Illumina MiSeq,SRR6786505,,,,,,AAKOQN000000000.1,Pathogen: clinical or host-associated,1,,,,28901,EDLB-CDC,,268347,ILLUMINA,2082639082,GCA_008491515.1,,CDC,,,,,,,,,PAIRED,USA,CDC,,,,,,,,,,,,,,,,,,,,,,,,,,,,,,,,,,,,,,,FALSE,2/27/18,,,,,,,,,,,,,,,,,,,495,PDS000013845.330,PDT000289749.2,GCA_008491515.1,USA,,,Salmonella,Salmonella,enterica,subsp. enterica serovar Typhimurium,2/27/18,SRR6786505,1904MLCO2-1,3
SAMN08832596,Contig,,Salmonella enterica,,,Salmonella enterica,PDT000302675.2,"[PNUSAS037232, SRS3114341]",,SKESA v. 2.2,,4/2/18,4/2/18,,PNUSAS037232,46,156,,,4849180,,,,,,,,,,,,,,,,,,,,,,,11198918,,,28901,AAFDOK,,,,,,,,,4/2/18,,PRJNA230403,,,,2018-04-02T13:49:38.0,,,,,,,,,,,,,,,,,,,,,,,,,,,Illumina MiSeq,SRR6926872,,,,,,AAFDOK000000000.1,Pathogen: clinical or host-associated,1,,,,28901,EDLB-CDC,,61165,ILLUMINA,227793039,GCA_006320395.1,,CDC,,,,,,,,,PAIRED,USA,CDC,,,,,,,,,,,,,,,,,,,,,,,,,,,,,,,,,,,,,,,FALSE,4/2/18,,,,,,,,,,,,,,,,,,,396,PDS000008116.25,PDT000302675.2,GCA_006320395.1,USA,,,Salmonella,Salmonella,enterica,,4/2/18,SRR6926872,1801MLJIX-1,1
SAMN08092882,Contig,,Salmonella enterica subsp. enterica serovar Newport,,,Salmonella enterica subsp. enterica serovar Newport,PDT000267820.2,"[PNUSAS028760, SRS2721525]",stool,SKESA v. 2.2,,11/29/17,11/22/17,,PNUSAS028760,114,48,,,4707643,,,,,,,,,,,,,,,,,,,,,,,15048108,,,108619,AAMWLI,,,,11/1/17,Newport,10,,,11/29/17,,PRJNA230403,,,,2017-11-29T16:19:21.0,,,,,,,,,,,,,,,,,,,,,,,,,,,Illumina MiSeq,SRR6330682,,,,,,AAMWLI000000000.1,Pathogen: clinical or host-associated,1,,,,28901,EDLB-CDC,,216929,ILLUMINA,538599915,GCA_009523115.1,,CDC,,,PNUSAS028760,,,,,,PAIRED,USA,CDC,,,,,,,,,,,,,,,,,,,,,,,,,,,,,,,,,,,,,,,FALSE,11/29/17,,,,,,,,,,,,,,,,,,,501,PDS000029581.54,PDT000267820.2,GCA_009523115.1,USA,,,Salmonella,Salmonella,enterica,subsp. enterica serovar Newport,11/22/17,SRR6330682,1711WAJJP-1,2
SAMN08328383,Contig,,Salmonella enterica subsp. enterica serovar Newport,,,Salmonella enterica subsp. enterica serovar Newport,PDT000277665.2,"[PNUSAS031363, SRS2822641]",urine,SKESA v. 2.2,,1/10/18,1/8/18,,PNUSAS031363,94,88,,,4699779,,,,,,,,,,,,,,,,,,,,,,,16253288,,,108619,AANFNZ,,,,12/1/17,Newport,10,,,1/10/18,,PRJNA230403,,,,2018-01-10T13:02:31.0,,,,,,,,,,,,,,,,,,,,,,,,,,,Illumina MiSeq,SRR6457918,,,,,,AANFNZ000000000.1,Pathogen: clinical or host-associated,1,,,,28901,EDLB-CDC,,85527,ILLUMINA,445078583,GCA_010156325.1,,CDC,,,PNUSAS031363,,,,,,PAIRED,USA,CDC,,,,,,,,,,,,,,,,,,,,,,,,,,,,,,,,,,,,,,,FALSE,1/10/18,,,,,,,,,,,,,,,,,,,499,PDS000029581.54,PDT000277665.2,GCA_010156325.1,USA,,,Salmonella,Salmonella,enterica,subsp. enterica serovar Newport,1/8/18,SRR6457918,1711WAJJP-1,2
SAMN08567643,Contig,,Salmonella enterica subsp. enterica serovar Typhimurium,,,Salmonella enterica subsp. enterica serovar Typhimurium,PDT000288062.2,"[PNUSAS032672, SRS2980489]",stool,SKESA v. 2.2,,2/20/18,2/20/18,,PNUSAS032672,178,68,,,4884403,,,,,,,,,,,,,,,,,,,,,,,17224178,,,90371,AAPDOM,,,,11/1/17,Typhimurium,5,,,2/20/18,,PRJNA230403,,,,2018-02-20T11:14:51.0,,,,,,,,,,,,,,,,,,,,,,,,,,,Illumina MiSeq,SRR6750513,,,,,,AAPDOM000000000.1,Pathogen: clinical or host-associated,1,,,,28901,EDLB-CDC,,180463,ILLUMINA,871239282,GCA_010983195.1,,CDC,,,,,,,,,PAIRED,USA,CDC,,,,,,,,,,,,,,,,,,,,,,,,,,,,,,,,,,,,,,,FALSE,2/20/18,,,,,,,,,,,,,,,,,,,498,PDS000013845.330,PDT000288062.2,GCA_010983195.1,USA,,,Salmonella,Salmonella,enterica,subsp. enterica serovar Typhimurium,2/20/18,SRR6750513,1904MLCO2-1,3
SAMN08616370,Contig,,Salmonella enterica,,,Salmonella enterica,PDT000289738.2,"[PNUSAS032663, SRS3002293]",,SKESA v. 2.2,,2/27/18,2/27/18,,PNUSAS032663,80,73,,,4884887,,,,,,,,,,,,,,,,,,,,,,,11137768,,,28901,AAEZTK,,,,,,,,,2/27/18,,PRJNA230403,,,,2018-02-27T10:27:23.0,,,,,,,,,,,,,,,,,,,,,,,,,,,Illumina MiSeq,SRR6786494,,,,,,AAEZTK000000000.1,Pathogen: clinical or host-associated,1,,,,28901,EDLB-CDC,,177012,ILLUMINA,392883386,GCA_006266975.1,,CDC,,,,,,,,,PAIRED,USA,CDC,,,,,,,,,,,,,,,,,,,,,,,,,,,,,,,,,,,,,,,FALSE,2/27/18,,,,,,,,,,,,,,,,,,,397,PDS000013853.206,PDT000289738.2,GCA_006266975.1,USA,,,Salmonella,Salmonella,enterica,,2/27/18,SRR6786494,1904MLCO2-1,3
SAMN08773136,Contig,,Salmonella enterica,,,Salmonella enterica,PDT000296598.2,"[PNUSAS035639, SRS3079949]",urine,SKESA v. 2.2,,3/22/18,3/22/18,,PNUSAS035639,68,104,,,4856825,,,,,,,,,,,,,,,,,,,,,,,17045698,,,28901,AAOYCE,,,,2/1/18,Serotype pending,5,,,3/22/18,,PRJNA230403,,,,2018-03-22T11:09:21.0,,,,,,,,,,,,,,,,,,,,,,,,,,,Illumina MiSeq,SRR6879566,,,,,,AAOYCE000000000.1,Pathogen: clinical or host-associated,1,,,,28901,EDLB-CDC,,104819,ILLUMINA,332052519,GCA_010896455.1,,CDC,,,,,,,,,PAIRED,USA,CDC,,,,,,,,,,,,,,,,,,,,,,,,,,,,,,,,,,,,,,,FALSE,3/22/18,,,,,,,,,,,,,,,,,,,431,PDS000008116.25,PDT000296598.2,GCA_010896455.1,USA,,,Salmonella,Salmonella,enterica,,3/22/18,SRR6879566,1801MLJIX-1,1
SAMN08800009,Contig,,Salmonella enterica,,,Salmonella enterica,PDT000299951.2,"[PNUSAS037177, SRS3096132]",,SKESA v. 2.2,,3/27/18,3/27/18,,PNUSAS037177,75,66,,,4863215,,,,,,,,,,,,,,,,,,,,,,,12614688,,,28901,AAICEG,,,,,,,,,3/27/18,,PRJNA230403,,,,2018-03-27T11:49:43.0,,,,,,,,,,,,,,,,,,,,,,,,,,,Illumina MiSeq,SRR6903121,,,,,,AAICEG000000000.1,Pathogen: clinical or host-associated,1,,,,28901,EDLB-CDC,,155831,ILLUMINA,366641974,GCA_007487765.1,,CDC,,,,,,,,,PAIRED,USA,CDC,,,,,,,,,,,,,,,,,,,,,,,,,,,,,,,,,,,,,,,FALSE,3/27/18,,,,,,,,,,,,,,,,,,,397,PDS000008116.25,PDT000299951.2,GCA_007487765.1,USA,,,Salmonella,Salmonella,enterica,,3/27/18,SRR6903121,1801MLJIX-1,1
SAMN08868569,Contig,,Salmonella enterica,,,Salmonella enterica,PDT000303493.2,"[PNUSAS037890, SRS3126767]",stool,SKESA v. 2.2,,4/5/18,4/5/18,,PNUSAS037890,33,63,,,4864950,,,,,,,,,,,,,,,,,,,,,,,17227398,,,28901,AAPDVT,,,,2/1/18,Serotype pending,4,,,4/5/18,,PRJNA230403,,,,2018-04-05T10:34:54.0,,,,,,,,,,,,,,,,,,,,,,,,,,,Illumina MiSeq,SRR6945236,,,,,,AAPDVT000000000.1,Pathogen: clinical or host-associated,1,,,,28901,EDLB-CDC,,241177,ILLUMINA,163386741,GCA_010985815.1,,CDC,,,,,,,,,PAIRED,USA,CDC,,,,,,,,,,,,,,,,,,,,,,,,,,,,,,,,,,,,,,,FALSE,4/5/18,,,,,,,,,,,,,,,,,,,430,PDS000008116.25,PDT000303493.2,GCA_010985815.1,USA,,,Salmonella,Salmonella,enterica,,4/5/18,SRR6945236,1801MLJIX-1,1
SAMN09654872,Contig,,Salmonella enterica,,,Salmonella enterica,PDT000347828.1,"[PNUSAS045115, SRS3544972]",,SKESA v. 2.2,,7/13/18,7/13/18,,PNUSAS045115,67,182,,,4870421,,,,,,,,,,,,,,,,,,,,,,,11616558,,,28901,AAFPXR,,,,,,,,,7/13/18,,PRJNA230403,,,,2018-07-13T11:23:45.0,,,,,,,,,,,,,,,,,,,,,,,,,,,Illumina MiSeq,SRR7518636,,,,,,AAFPXR000000000.1,Pathogen: clinical or host-associated,1,,,,28901,EDLB-CDC,,52475,ILLUMINA,328543464,GCA_006560845.1,,CDC,,,,,,,,,PAIRED,USA,CDC,,,,,,,,,,,,,,,,,,,,,,,,,,,,,,,,,,,,,,,FALSE,7/13/18,,,,,,,,,,,,,,,,,,,397,PDS000015702.13,PDT000347828.1,GCA_006560845.1,USA,,,Salmonella,Salmonella,enterica,,7/13/18,SRR7518636,1801MLJIX-1,1
SAMN08134371,Contig,,Salmonella enterica subsp. enterica serovar Newport,,,Salmonella enterica subsp. enterica serovar Newport,PDT000269957.2,"[PNUSAS029434, SRS2744246]",stool,SKESA v. 2.2,,12/8/17,12/5/17,,PNUSAS029434,82,144,,,4692985,,,,,,,,,,,,,,,,,,,,,,,15054788,,,108619,AAMWVT,,,,11/1/17,Newport,10,,,12/8/17,,PRJNA230403,,,,2017-12-07T14:39:22.0,,,,,,,,,,,,,,,,,,,,,,,,,,,Illumina MiSeq,SRR6359153,,,,,,AAMWVT000000000.1,Pathogen: clinical or host-associated,1,,,,28901,EDLB-CDC,,59429,ILLUMINA,387075756,GCA_009528215.1,,CDC,,,PNUSAS029434,,,,,,PAIRED,USA,CDC,,,,,,,,,,,,,,,,,,,,,,,,,,,,,,,,,,,,,,,FALSE,12/8/17,,,,,,,,,,,,,,,,,,,500,PDS000029581.54,PDT000269957.2,GCA_009528215.1,USA,,,Salmonella,Salmonella,enterica,subsp. enterica serovar Newport,12/5/17,SRR6359153,1711WAJJP-1,2
SAMN08150048,Contig,,Salmonella enterica subsp. enterica serovar Typhimurium,,,Salmonella enterica subsp. enterica serovar Typhimurium,PDT000271520.2,"[PNUSAS029050, SRS2756123]",stool,SKESA v. 2.2,,12/13/17,12/8/17,,PNUSAS029050,121,57,,,4887722,,,,,,,,,,,,,,,,,,,,,,,24239968,,,90371,AAYHQT,,,,11/1/17,Typhimurium,5,,,12/13/17,,PRJNA230403,,,,2017-12-13T15:24:28.0,,,,,,,,,,,,,,,,,,,,,,,,,,,Illumina MiSeq,SRR6373585,,,,,,AAYHQT000000000.1,Pathogen: clinical or host-associated,1,,,,28901,EDLB-CDC,,257839,ILLUMINA,595164220,GCA_016358845.1,,,,,PNUSAS029050,,,,,,PAIRED,USA,CDC,,,,,,,,,,,,,,,,,,,,,,,,,,,,,,,,,,,,,,,FALSE,12/13/17,,,,,,,,,,,,,,,,,,,508,PDS000013845.330,PDT000271520.2,GCA_016358845.1,USA,,,Salmonella,Salmonella,enterica,subsp. enterica serovar Typhimurium,12/8/17,SRR6373585,1904MLCO2-1,3
SAMN08428478,Contig,,Salmonella enterica,,,Salmonella enterica,PDT000283800.2,"[PNUSAS032678, SRS2906697]",,SKESA v. 2.2,,2/1/18,1/29/18,,PNUSAS032678,87,65,,,4887270,,,,,,,,,,,,,,,,,,,,,,,12682628,,,28901,AAIHEB,,,,,,,,,2/1/18,,PRJNA230403,,,,2018-02-01T16:35:28.0,,,,,,,,,,,,,,,,,,,,,,,,,,,Illumina MiSeq,SRR6663628,,,,,,AAIHEB000000000.1,Pathogen: clinical or host-associated,1,,,,28901,EDLB-CDC,,192653,ILLUMINA,427122387,GCA_007555655.1,,,,,PNUSAS032678,,,,,,PAIRED,USA,CDC,,,,,,,,,,,,,,,,,,,,,,,,,,,,,,,,,,,,,,,FALSE,2/1/18,,,,,,,,,,,,,,,,,,,406,PDS000013845.330,PDT000283800.2,GCA_007555655.1,USA,,,Salmonella,Salmonella,enterica,,1/29/18,SRR6663628,1904MLCO2-1,3
SAMN08737166,Contig,,Salmonella enterica,,,Salmonella enterica,PDT000296124.2,"[CFSAN078232, FDA00012749, FDA971555-C001-003, SRS3074704]",alfalfa sprout,SKESA v. 2.2,,3/20/18,3/19/18,,FDA971555-C001-003,132,60,,,4869916,CFSAN078232;FDA00012749,,,,,,,,,,,,,,,,,,,,,,12691888,,,28901,AAIHQX,,,,1/1/18,,,,,3/20/18,,PRJNA186035,,,,2018-03-20T18:42:29.0,,,,,,,,,,,,,,,,,,,,,,,,,,,Illumina MiSeq,SRR6872082,,,,,,AAIHQX000000000.1,Pathogen: environmental/food/other,1,,,,28901,CFSAN,,285208,ILLUMINA,645620591,GCA_007564905.1,,FDA,,,,,alfalfa sprout:FOODON_00002670,,,Food,PAIRED,USA:MN,Center for Food Safety and Applied Nutrition,,,,,,,,,,,,,,,,,,,,,,,,,,,,,,,,,,,,,,,FALSE,3/20/18,,,,,,,,,,,,,,,,,,,549,PDS000008116.25,PDT000296124.2,GCA_007564905.1,USA,MN,USA127,Salmonella,Salmonella,enterica,,3/19/18,SRR6872082,1801MLJIX-1,1
SAMN08114936,Contig,,Salmonella enterica,,,Salmonella enterica,PDT000269625.2,"[PNUSAS028900, SRS2739562]",,SKESA v. 2.2,,12/6/17,11/30/17,,PNUSAS028900,87,25,,,4709682,,,,,,,,,,,,,,,,,,,,,,,16227388,,,28901,AANEVI,,,,,,,,,12/6/17,,PRJNA230403,,,,2017-12-06T12:13:27.0,,,,,,,,,,,,,,,,,,,,,,,,,,,Illumina MiSeq,SRR6353964,,,,,,AANEVI000000000.1,Pathogen: clinical or host-associated,1,,,,28901,EDLB-CDC,,465989,ILLUMINA,411945632,GCA_010130505.1,,CDC,,,PNUSAS028900,,,,,,PAIRED,USA,CDC,,,,,,,,,,,,,,,,,,,,,,,,,,,,,,,,,,,,,,,FALSE,12/6/17,,,,,,,,,,,,,,,,,,,408,PDS000029581.54,PDT000269625.2,GCA_010130505.1,USA,,,Salmonella,Salmonella,enterica,,11/30/17,SRR6353964,1711WAJJP-1,2
SAMN08178019,Contig,,Salmonella enterica subsp. enterica serovar Typhimurium,,,Salmonella enterica subsp. enterica serovar Typhimurium,PDT000273099.2,"[PNUSAS029367, SRS2765848]",stool,SKESA v. 2.2,,12/18/17,12/14/17,,PNUSAS029367,110,95,,,4877314,,,,,,,,,,,,,,,,,,,,,,,24199548,,,90371,AAYFGK,,,,11/1/17,Typhimurium,1,,,12/18/17,,PRJNA230403,,,,2017-12-18T13:43:11.0,,,,,,,,,,,,,,,,,,,,,,,,,,,Illumina MiSeq,SRR6386298,,,,,,AAYFGK000000000.1,Pathogen: clinical or host-associated,1,,,,28901,EDLB-CDC,,121135,ILLUMINA,538488437,GCA_016319245.1,,,,,PNUSAS029367,,,,,,PAIRED,USA,CDC,,,,,,,,,,,,,,,,,,,,,,,,,,,,,,,,,,,,,,,FALSE,12/18/17,,,,,,,,,,,,,,,,,,,505,PDS000013845.330,PDT000273099.2,GCA_016319245.1,USA,,,Salmonella,Salmonella,enterica,subsp. enterica serovar Typhimurium,12/14/17,SRR6386298,1904MLCO2-1,3
SAMN08328371,Contig,,Salmonella enterica subsp. enterica serovar Newport,,,Salmonella enterica subsp. enterica serovar Newport,PDT000277653.2,"[PNUSAS031133, SRS2822629]",stool,SKESA v. 2.2,,1/10/18,1/8/18,,PNUSAS031133,63,132,,,4686419,,,,,,,,,,,,,,,,,,,,,,,16253038,,,108619,AANFNR,,,,12/1/17,Newport,10,,,1/10/18,,PRJNA230403,,,,2018-01-10T12:58:20.0,,,,,,,,,,,,,,,,,,,,,,,,,,,Illumina MiSeq,SRR6457906,,,,,,AANFNR000000000.1,Pathogen: clinical or host-associated,1,,,,28901,EDLB-CDC,,62080,ILLUMINA,298492018,GCA_010156095.1,,CDC,,,PNUSAS031133,,,,,,PAIRED,USA,CDC,,,,,,,,,,,,,,,,,,,,,,,,,,,,,,,,,,,,,,,FALSE,1/10/18,,,,,,,,,,,,,,,,,,,499,PDS000029581.54,PDT000277653.2,GCA_010156095.1,USA,,,Salmonella,Salmonella,enterica,subsp. enterica serovar Newport,1/8/18,SRR6457906,1711WAJJP-1,2
SAMN09374998,Contig,,Salmonella enterica,,,Salmonella enterica,PDT000324495.1,"[PNUSAS041332, SRS3384754]",,SKESA v. 2.2,,6/6/18,6/6/18,,PNUSAS041332,118,138,,,4858622,,,,,,,,,,,,,,,,,,,,,,,11637118,,,28901,AAFRKO,,,,,,,,,6/6/18,,PRJNA230403,,,,2018-06-06T10:13:34.0,,,,,,,,,,,,,,,,,,,,,,,,,,,Illumina MiSeq,SRR7269467,,,,,,AAFRKO000000000.1,Pathogen: clinical or host-associated,1,,,,28901,EDLB-CDC,,83359,ILLUMINA,573563780,GCA_006581405.1,,CDC,,,,,,,,,PAIRED,USA,CDC,,,,,,,,,,,,,,,,,,,,,,,,,,,,,,,,,,,,,,,FALSE,6/6/18,,,,,,,,,,,,,,,,,,,397,PDS000008116.25,PDT000324495.1,GCA_006581405.1,USA,,,Salmonella,Salmonella,enterica,,6/6/18,SRR7269467,1801MLJIX-1,1
SAMN09260996,Contig,,Salmonella enterica,,,Salmonella enterica,PDT000319573.1,"[PNUSAS041484, SRS3339842]",,SKESA v. 2.2,,5/25/18,5/25/18,,PNUSAS041484,71,144,,,4874211,,,,,,,,,,,,,,,,,,,,,,,11827298,,,28901,AAGFAL,,,,,,,,,5/25/18,,PRJNA230403,,,,2018-05-25T12:38:35.0,,,,,,,,,,,,,,,,,,,,,,,,,,,Illumina MiSeq,SRR7218877,,,,,,AAGFAL000000000.1,Pathogen: clinical or host-associated,1,,,,28901,EDLB-CDC,,62001,ILLUMINA,350884929,GCA_006764445.1,,CDC,,,,,,,,,PAIRED,USA,CDC,,,,,,,,,,,,,,,,,,,,,,,,,,,,,,,,,,,,,,,FALSE,5/25/18,,,,,,,,,,,,,,,,,,,396,PDS000015702.13,PDT000319573.1,GCA_006764445.1,USA,,,Salmonella,Salmonella,enterica,,5/25/18,SRR7218877,1801MLJIX-1,1
SAMN08092879,Contig,,Salmonella enterica subsp. enterica serovar Newport,,,Salmonella enterica subsp. enterica serovar Newport,PDT000267303.2,"[PNUSAS028143, SRS2716702]",stool,SKESA v. 2.2,,11/27/17,11/22/17,,PNUSAS028143,98,93,,,4696354,,,,,,,,,,,,,,,,,,,,,,,15110898,,,108619,AAMZGR,,,,11/1/17,Newport,10,,,11/27/17,,PRJNA230403,,,,2017-11-27T20:38:20.0,,,,,,,,,,,,,,,,,,,,,,,,,,,Illumina MiSeq,SRR6325331,,,,,,AAMZGR000000000.1,Pathogen: clinical or host-associated,1,,,,28901,EDLB-CDC,,83504,ILLUMINA,464166832,GCA_009576065.1,,CDC,,,PNUSAS028143,,,,,,PAIRED,USA,CDC,,,,,,,,,,,,,,,,,,,,,,,,,,,,,,,,,,,,,,,FALSE,11/27/17,,,,,,,,,,,,,,,,,,,497,PDS000029581.54,PDT000267303.2,GCA_009576065.1,USA,,,Salmonella,Salmonella,enterica,subsp. enterica serovar Newport,11/22/17,SRR6325331,1711WAJJP-1,2
SAMN08471017,Contig,,Salmonella enterica,,,Salmonella enterica,PDT000285186.2,"[PNUSAS032660, SRS2917428]",,SKESA v. 2.2,,2/6/18,2/6/18,,PNUSAS032660,117,60,,,4886596,,,,,,,,,,,,,,,,,,,,,,,11192678,,,28901,AAFDDZ,,,,,,,,,2/6/18,,PRJNA230403,,,,2018-02-06T11:56:21.0,,,,,,,,,,,,,,,,,,,,,,,,,,,Illumina MiSeq,SRR6676504,,,,,,AAFDDZ000000000.1,Pathogen: clinical or host-associated,1,,,,28901,EDLB-CDC,,268347,ILLUMINA,574226841,GCA_006314185.1,,CDC,,,,,,,,,PAIRED,USA,CDC,,,,,,,,,,,,,,,,,,,,,,,,,,,,,,,,,,,,,,,FALSE,2/6/18,,,,,,,,,,,,,,,,,,,398,PDS000013845.330,PDT000285186.2,GCA_006314185.1,USA,,,Salmonella,Salmonella,enterica,,2/6/18,SRR6676504,1904MLCO2-1,3
SAMN08737119,Contig,,Salmonella enterica,,,Salmonella enterica,PDT000296077.4,"[CFSAN078234, FDA00012751, FDA971555-C002-002, SRS3074123]",alfalfa sprout,SKESA v. 2.2,,6/26/18,3/19/18,,FDA971555-C002-002,97,93,,,4866306,CFSAN078234;FDA00012751,,,,,,,,,,,,,,,,,,,,,,10333768,,,28901,AADIOJ,,,,1/1/18,,,,,4/27/18,,PRJNA186035,,,,2018-04-27T12:07:23.0,,,,,,,,,,,,,,,,,,,,,,,,,,,Illumina MiSeq,SRR7073595,,,,,,AADIOJ000000000.1,Pathogen: environmental/food/other,1,,,,28901,CFSAN,,129180,ILLUMINA,475022047,GCA_005610275.1,,FDA,,,,,alfalfa sprout:FOODON_00002670,,,Food,PAIRED,USA:MN,Center for Food Safety and Applied Nutrition,,,,,,,,,,,,,,,,,,,,,,,,,,,,,,,,,,,,,,,FALSE,6/26/18,,,,,,,,,,,,,,,,,,,549,PDS000008116.25,PDT000296077.4,GCA_005610275.1,USA,MN,USA127,Salmonella,Salmonella,enterica,,3/19/18,SRR7073595,1801MLJIX-1,1
SAMN08134360,Contig,,Salmonella enterica subsp. enterica serovar Newport,,,Salmonella enterica subsp. enterica serovar Newport,PDT000269939.2,"[PNUSAS028767, SRS2744229]",stool,SKESA v. 2.2,,12/8/17,12/5/17,,PNUSAS028767,96,88,,,4702773,,,,,,,,,,,,,,,,,,,,,,,15053258,,,108619,AAMWVO,,,,11/1/17,Newport,10,,,12/8/17,,PRJNA230403,,,,2017-12-07T14:39:14.0,,,,,,,,,,,,,,,,,,,,,,,,,,,Illumina MiSeq,SRR6359135,,,,,,AAMWVO000000000.1,Pathogen: clinical or host-associated,1,,,,28901,EDLB-CDC,,116580,ILLUMINA,451596841,GCA_009527195.1,,CDC,,,PNUSAS028767,,,,,,PAIRED,USA,CDC,,,,,,,,,,,,,,,,,,,,,,,,,,,,,,,,,,,,,,,FALSE,12/8/17,,,,,,,,,,,,,,,,,,,500,PDS000029581.54,PDT000269939.2,GCA_009527195.1,USA,,,Salmonella,Salmonella,enterica,subsp. enterica serovar Newport,12/5/17,SRR6359135,1711WAJJP-1,2
SAMN08367547,Contig,,Salmonella enterica subsp. enterica serovar Typhimurium,,,Salmonella enterica subsp. enterica serovar Typhimurium,PDT000279130.2,"[PNUSAS031904, SRS2842031]",stool,SKESA v. 2.2,,1/18/18,1/16/18,,PNUSAS031904,116,85,,,4884382,,,,,,,,,,,,,,,,,,,,,,,24238888,,,90371,AAYHPU,,,,12/1/17,Typhimurium,5,,,1/18/18,,PRJNA230403,,,,2018-01-18T15:39:30.0,,,,,,,,,,,,,,,,,,,,,,,,,,,Illumina MiSeq,SRR6481183,,,,,,AAYHPU000000000.1,Pathogen: clinical or host-associated,1,,,,28901,EDLB-CDC,,130763,ILLUMINA,567974337,GCA_016357765.1,,CDC,,,PNUSAS031904,,,,,,PAIRED,USA,CDC,,,,,,,,,,,,,,,,,,,,,,,,,,,,,,,,,,,,,,,FALSE,1/18/18,,,,,,,,,,,,,,,,,,,509,PDS000013845.330,PDT000279130.2,GCA_016357765.1,USA,,,Salmonella,Salmonella,enterica,subsp. enterica serovar Typhimurium,1/16/18,SRR6481183,1904MLCO2-1,3
SAMN08150355,Contig,,Salmonella enterica subsp. enterica serovar Typhimurium,,,Salmonella enterica subsp. enterica serovar Typhimurium,PDT000271399.2,"[PNUSAS029786, SRS2755969]",stool,SKESA v. 2.2,,12/13/17,12/8/17,,PNUSAS029786,86,124,,,4877973,,,,,,,,,,,,,,,,,,,,,,,24252868,,,90371,AAYIPI,,,,11/1/17,Typhimurium,8,,,12/13/17,,PRJNA230403,,,,2017-12-13T15:11:21.0,,,,,,,,,,,,,,,,,,,,,,,,,,,Illumina MiSeq,SRR6373410,,,,,,AAYIPI000000000.1,Pathogen: clinical or host-associated,1,,,,28901,EDLB-CDC,,90526,ILLUMINA,422005509,GCA_016371745.1,,CDC,,,PNUSAS029786,,,,,,PAIRED,USA,CDC,,,,,,,,,,,,,,,,,,,,,,,,,,,,,,,,,,,,,,,FALSE,12/13/17,,,,,,,,,,,,,,,,,,,509,PDS000013845.330,PDT000271399.2,GCA_016371745.1,USA,,,Salmonella,Salmonella,enterica,subsp. enterica serovar Typhimurium,12/8/17,SRR6373410,1904MLCO2-1,3
SAMN08774739,Contig,,Salmonella enterica subsp. enterica serovar Typhimurium,,,Salmonella enterica subsp. enterica serovar Typhimurium,PDT000297341.2,"[PNUSAS036648, SRS3081324]",stool,SKESA v. 2.2,,3/22/18,3/22/18,,PNUSAS036648,61,94,,,4880232,,,,,,,,,,,,,,,,,,,,,,,17052218,,,90371,AAOXUJ,,,,12/1/17,Typhimurium,4,,,3/22/18,,PRJNA230403,,,,2018-03-22T16:03:36.0,,,,,,,,,,,,,,,,,,,,,,,,,,,Illumina MiSeq,SRR6881311,,,,,,AAOXUJ000000000.1,Pathogen: clinical or host-associated,1,,,,28901,EDLB-CDC,,101953,ILLUMINA,297739106,GCA_010902975.1,,CDC,,,,,,,,,PAIRED,USA,CDC,,,,,,,,,,,,,,,,,,,,,,,,,,,,,,,,,,,,,,,FALSE,3/22/18,,,,,,,,,,,,,,,,,,,496,PDS000013845.330,PDT000297341.2,GCA_010902975.1,USA,,,Salmonella,Salmonella,enterica,subsp. enterica serovar Typhimurium,3/22/18,SRR6881311,1904MLCO2-1,3
SAMN08286612,Contig,,Salmonella enterica subsp. enterica serovar Newport,,,Salmonella enterica subsp. enterica serovar Newport,PDT000275937.2,"[PNUSAS030564, SRS2807339]",stool,SKESA v. 2.2,,1/4/18,1/2/18,,PNUSAS030564,156,47,,,4707961,,,,,,,,,,,,,,,,,,,,,,,16238818,,,108619,AANFHQ,,,,12/1/17,Newport,10,,,1/4/18,,PRJNA230403,,,,2018-01-04T13:03:22.0,,,,,,,,,,,,,,,,,,,,,,,,,,,Illumina MiSeq,SRR6440520,,,,,,AANFHQ000000000.1,Pathogen: clinical or host-associated,1,,,,28901,EDLB-CDC,,255504,ILLUMINA,739126953,GCA_010141875.1,,CDC,,,PNUSAS030564,,,,,,PAIRED,USA,CDC,,,,,,,,,,,,,,,,,,,,,,,,,,,,,,,,,,,,,,,FALSE,1/4/18,,,,,,,,,,,,,,,,,,,496,PDS000029581.54,PDT000275937.2,GCA_010141875.1,USA,,,Salmonella,Salmonella,enterica,subsp. enterica serovar Newport,1/2/18,SRR6440520,1711WAJJP-1,2
SAMN08480851,Contig,,Salmonella enterica subsp. enterica serovar Typhimurium,,,Salmonella enterica subsp. enterica serovar Typhimurium,PDT000285443.2,"[PNUSAS032680, SRS2922194]",stool,SKESA v. 2.2,,2/7/18,2/7/18,,PNUSAS032680,84,93,,,4877373,,,,,,,,,,,,,,,,,,,,,,,17976428,,,90371,AAQMSS,,,,11/1/17,Typhimurium,6,,,2/7/18,,PRJNA230403,,,,2018-02-07T13:17:26.0,,,,,,,,,,,,,,,,,,,,,,,,,,,Illumina MiSeq,SRR6682038,,,,,,AAQMSS000000000.1,Pathogen: clinical or host-associated,1,,,,28901,EDLB-CDC,,138992,ILLUMINA,411390096,GCA_011626105.1,,CDC,,,,,,,,,PAIRED,USA,CDC,,,,,,,,,,,,,,,,,,,,,,,,,,,,,,,,,,,,,,,FALSE,2/7/18,,,,,,,,,,,,,,,,,,,498,PDS000013845.330,PDT000285443.2,GCA_011626105.1,USA,,,Salmonella,Salmonella,enterica,subsp. enterica serovar Typhimurium,2/7/18,SRR6682038,1904MLCO2-1,3
SAMN08943079,Contig,,Salmonella enterica,,,Salmonella enterica,PDT000306898.2,"[PNUSAS038739, SRS3177803]",,SKESA v. 2.2,,4/17/18,4/17/18,,PNUSAS038739,58,52,,,4863593,,,,,,,,,,,,,,,,,,,,,,,11611558,,,28901,AAFPNK,,,,,,,,,4/17/18,,PRJNA230403,,,,2018-04-17T15:53:21.0,,,,,,,,,,,,,,,,,,,,,,,,,,,Illumina MiSeq,SRR7015196,,,,,,AAFPNK000000000.1,Pathogen: clinical or host-associated,1,,,,28901,EDLB-CDC,,469169,ILLUMINA,283653773,GCA_006555845.1,,CDC,,,,,,,,,PAIRED,USA,CDC,,,,,,,,,,,,,,,,,,,,,,,,,,,,,,,,,,,,,,,FALSE,4/17/18,,,,,,,,,,,,,,,,,,,397,PDS000008116.25,PDT000306898.2,GCA_006555845.1,USA,,,Salmonella,Salmonella,enterica,,4/17/18,SRR7015196,1801MLJIX-1,1
SAMN09223441,Contig,,Salmonella enterica,,,Salmonella enterica,PDT000316421.1,"[PNUSAS039191, SRS3315403]",,SKESA v. 2.0,,5/21/18,5/18/18,,PNUSAS039191,58,138,,,4840850,,,,,,,,,,,,,,,,,,,,,,,11632288,,,28901,AAFRAF,,,,,,,,,5/18/18,,PRJNA230403,,,,2018-05-18T08:33:36.0,,,,,,,,,,,,,,,,,,,,,,,,,,,Illumina MiSeq,SRR7182405,,,,,,AAFRAF000000000.1,Pathogen: clinical or host-associated,1,,,,28901,EDLB-CDC,,85487,ILLUMINA,283190259,GCA_006576575.1,,CDC,,,,,,,,,PAIRED,USA,CDC,,,,,,,,,,,,,,,,,,,,,,,,,,,,,,,,,,,,,,,FALSE,5/21/18,,,,,,,,,,,,,,,,,,,396,PDS000008116.25,PDT000316421.1,GCA_006576575.1,USA,,,Salmonella,Salmonella,enterica,,5/18/18,SRR7182405,1801MLJIX-1,1
SAMN08092884,Contig,,Salmonella enterica subsp. enterica serovar Newport,,,Salmonella enterica subsp. enterica serovar Newport,PDT000267821.2,"[PNUSAS028764, SRS2721528]",stool,SKESA v. 2.2,,11/29/17,11/22/17,,PNUSAS028764,131,30,,,4709265,,,,,,,,,,,,,,,,,,,,,,,15048048,,,108619,AAMWLL,,,,11/1/17,Newport,10,,,11/29/17,,PRJNA230403,,,,2017-11-29T16:19:22.0,,,,,,,,,,,,,,,,,,,,,,,,,,,Illumina MiSeq,SRR6330683,,,,,,AAMWLL000000000.1,Pathogen: clinical or host-associated,1,,,,28901,EDLB-CDC,,387540,ILLUMINA,620143575,GCA_009523075.1,,CDC,,,PNUSAS028764,,,,,,PAIRED,USA,CDC,,,,,,,,,,,,,,,,,,,,,,,,,,,,,,,,,,,,,,,FALSE,11/29/17,,,,,,,,,,,,,,,,,,,501,PDS000029581.54,PDT000267821.2,GCA_009523075.1,USA,,,Salmonella,Salmonella,enterica,subsp. enterica serovar Newport,11/22/17,SRR6330683,1711WAJJP-1,2
SAMN08386651,Contig,,Salmonella enterica subsp. enterica serovar Typhimurium,,,Salmonella enterica subsp. enterica serovar Typhimurium,PDT000282153.2,"[PNUSAS029395, SRS2871116]",stool,SKESA v. 2.2,,1/26/18,1/23/18,,PNUSAS029395,90,81,,,4889210,,,,,,,,,,,,,,,,,,,,,,,17940518,,,90371,AAQLDI,,,,11/1/17,Typhimurium,3,,,1/26/18,,PRJNA230403,,,,2018-01-26T13:32:39.0,,,,,,,,,,,,,,,,,,,,,,,,,,,Illumina MiSeq,SRR6515208,,,,,,AAQLDI000000000.1,Pathogen: clinical or host-associated,1,,,,28901,EDLB-CDC,,149875,ILLUMINA,440351777,GCA_011598065.1,,CDC,,,PNUSAS029395,,,,,,PAIRED,USA,CDC,,,,,,,,,,,,,,,,,,,,,,,,,,,,,,,,,,,,,,,FALSE,1/26/18,,,,,,,,,,,,,,,,,,,509,PDS000013845.330,PDT000282153.2,GCA_011598065.1,USA,,,Salmonella,Salmonella,enterica,subsp. enterica serovar Typhimurium,1/23/18,SRR6515208,1904MLCO2-1,3
SAMN09519697,Contig,,Salmonella enterica,,,Salmonella enterica,PDT000338876.1,"[PNUSAS043916, SRS3489256]",,SKESA v. 2.2,,6/29/18,6/29/18,,PNUSAS043916,53,93,,,4856731,,,,,,,,,,,,,,,,,,,,,,,11839348,,,28901,AAGFQK,,,,,,,,,6/29/18,,PRJNA230403,,,,2018-06-29T15:37:26.0,,,,,,,,,,,,,,,,,,,,,,,,,,,Illumina MiSeq,SRR7456622,,,,,,AAGFQK000000000.1,Pathogen: clinical or host-associated,1,,,,28901,EDLB-CDC,,149578,ILLUMINA,258487264,GCA_006776145.1,,CDC,,,,,,,,,PAIRED,USA,CDC,,,,,,,,,,,,,,,,,,,,,,,,,,,,,,,,,,,,,,,FALSE,6/29/18,,,,,,,,,,,,,,,,,,,397,PDS000008116.25,PDT000338876.1,GCA_006776145.1,USA,,,Salmonella,Salmonella,enterica,,6/29/18,SRR7456622,1801MLJIX-1,1
SAMN11419539,Contig,,Salmonella enterica,,,Salmonella enterica,PDT000490473.1,"[PNUSAS072600, SRS4625224]",,SKESA v. 2.2,,4/15/19,4/15/19,,PNUSAS072600,73,72,,,4687958,,,,,,,,,,,,,,,,,,,,,,,10373938,,,28901,AADMXX,,,,,,,,,4/15/19,,PRJNA230403,,,,2019-04-15T14:33:41.0,,,,,,,,,,,,,,,,,,,,,,,,,,,Illumina MiSeq,SRR8899204,,,,,,AADMXX000000000.1,Pathogen: clinical or host-associated,1,,,,28901,EDLB-CDC,,134017,ILLUMINA,345929276,GCA_005635655.1,,CDC,,,,,,,,,PAIRED,USA,CDC,,,,,,,,,,,,,,,,,,,,,,,,,,,,,,,,,,,,,,,FALSE,4/15/19,,,,,,,,,,,,,,,,,,,395,PDS000044929.11,PDT000490473.1,GCA_005635655.1,USA,,,Salmonella,Salmonella,enterica,,4/15/19,SRR8899204,1904MLCO2-1,3
SAMN08092883,Contig,,Salmonella enterica subsp. enterica serovar Newport,,,Salmonella enterica subsp. enterica serovar Newport,PDT000267819.2,"[PNUSAS028763, SRS2721524]",stool,SKESA v. 2.2,,11/29/17,11/22/17,,PNUSAS028763,157,96,,,4697863,,,,,,,,,,,,,,,,,,,,,,,15047988,,,108619,AAMWLK,,,,11/1/17,Newport,10,,,11/29/17,,PRJNA230403,,,,2017-11-29T16:19:21.0,,,,,,,,,,,,,,,,,,,,,,,,,,,Illumina MiSeq,SRR6330681,,,,,,AAMWLK000000000.1,Pathogen: clinical or host-associated,1,,,,28901,EDLB-CDC,,85766,ILLUMINA,740228872,GCA_009523015.1,,CDC,,,PNUSAS028763,,,,,,PAIRED,USA,CDC,,,,,,,,,,,,,,,,,,,,,,,,,,,,,,,,,,,,,,,FALSE,11/29/17,,,,,,,,,,,,,,,,,,,499,PDS000029581.54,PDT000267819.2,GCA_009523015.1,USA,,,Salmonella,Salmonella,enterica,subsp. enterica serovar Newport,11/22/17,SRR6330681,1711WAJJP-1,2
SAMN08616371,Contig,,Salmonella enterica,,,Salmonella enterica,PDT000289739.2,"[PNUSAS032662, SRS3002294]",,SKESA v. 2.2,,2/27/18,2/27/18,,PNUSAS032662,59,73,,,4885480,,,,,,,,,,,,,,,,,,,,,,,12610968,,,28901,AAIBYZ,,,,,,,,,2/27/18,,PRJNA230403,,,,2018-02-27T10:27:23.0,,,,,,,,,,,,,,,,,,,,,,,,,,,Illumina MiSeq,SRR6786495,,,,,,AAIBYZ000000000.1,Pathogen: clinical or host-associated,1,,,,28901,EDLB-CDC,,225554,ILLUMINA,288295091,GCA_007484065.1,,CDC,,,,,,,,,PAIRED,USA,CDC,,,,,,,,,,,,,,,,,,,,,,,,,,,,,,,,,,,,,,,FALSE,2/27/18,,,,,,,,,,,,,,,,,,,397,PDS000013853.206,PDT000289739.2,GCA_007484065.1,USA,,,Salmonella,Salmonella,enterica,,2/27/18,SRR6786495,1904MLCO2-1,3
SAMN08772946,Contig,,Salmonella enterica subsp. enterica serovar Typhimurium,,,Salmonella enterica subsp. enterica serovar Typhimurium,PDT000296487.2,"[PNUSAS032667, SRS3079793]",Isolated Organism,SKESA v. 2.2,,3/22/18,3/22/18,,PNUSAS032667,52,174,,,4848909,,,,,,,,,,,,,,,,,,,,,,,17500198,,,90371,AAPLOE,,,,10/1/17,Typhimurium,4,,,3/22/18,,PRJNA230403,,,,2018-03-22T10:20:35.0,,,,,,,,,,,,,,,,,,,,,,,,,,,Illumina MiSeq,SRR6879303,,,,,,AAPLOE000000000.1,Pathogen: clinical or host-associated,1,,,,28901,EDLB-CDC,,52842,ILLUMINA,252199635,GCA_011172535.1,,CDC,,,,,,,,,PAIRED,USA,CDC,,,,,,,,,,,,,,,,,,,,,,,,,,,,,,,,,,,,,,,FALSE,3/22/18,,,,,,,,,,,,,,,,,,,507,PDS000013853.206,PDT000296487.2,GCA_011172535.1,USA,,,Salmonella,Salmonella,enterica,subsp. enterica serovar Typhimurium,3/22/18,SRR6879303,1904MLCO2-1,3
SAMN09101136,Contig,,Salmonella enterica,,,Salmonella enterica,PDT000313162.2,"[PNUSAS039660, SRS3284520]",,SKESA v. 2.2,,5/10/18,5/9/18,,PNUSAS039660,34,73,,,4865183,,,,,,,,,,,,,,,,,,,,,,,11159938,,,28901,AAFBJL,,,,,,,,,5/10/18,,PRJNA230403,,,,2018-05-09T14:44:46.0,,,,,,,,,,,,,,,,,,,,,,,,,,,Illumina MiSeq,SRR7140266,,,,,,AAFBJL000000000.1,Pathogen: clinical or host-associated,1,,,,28901,EDLB-CDC,,193039,ILLUMINA,169931904,GCA_006289135.1,,CDC,,,,,,,,,PAIRED,USA,CDC,,,,,,,,,,,,,,,,,,,,,,,,,,,,,,,,,,,,,,,FALSE,5/10/18,,,,,,,,,,,,,,,,,,,396,PDS000008116.25,PDT000313162.2,GCA_006289135.1,USA,,,Salmonella,Salmonella,enterica,,5/9/18,SRR7140266,1801MLJIX-1,1
SAMN09011632,Contig,,Salmonella enterica,,,Salmonella enterica,PDT000311024.2,"[PNUSAS039818, SRS3242660]",,SKESA v. 2.2,,5/2/18,5/2/18,,PNUSAS039818,80,45,,,4869024,,,,,,,,,,,,,,,,,,,,,,,12702378,,,28901,AAIIHM,,,,,,,,,5/2/18,,PRJNA230403,,,,2018-05-02T12:11:24.0,,,,,,,,,,,,,,,,,,,,,,,,,,,Illumina MiSeq,SRR7093294,,,,,,AAIIHM000000000.1,Pathogen: clinical or host-associated,1,,,,28901,EDLB-CDC,,408517,ILLUMINA,393917260,GCA_007574145.1,,CDC,,,,,,,,,PAIRED,USA,CDC,,,,,,,,,,,,,,,,,,,,,,,,,,,,,,,,,,,,,,,FALSE,5/2/18,,,,,,,,,,,,,,,,,,,397,PDS000008116.25,PDT000311024.2,GCA_007574145.1,USA,,,Salmonella,Salmonella,enterica,,5/2/18,SRR7093294,1801MLJIX-1,1
SAMN09405304,Contig,,Salmonella enterica,,,Salmonella enterica,PDT000329140.1,"[PNUSAS040683, SRS3412425]",,SKESA v. 2.2,,6/13/18,6/13/18,,PNUSAS040683,73,59,,,4870699,,,,,,,,,,,,,,,,,,,,,,,11639378,,,28901,AAFROU,,,,,,,,,6/13/18,,PRJNA230403,,,,2018-06-13T09:08:32.0,,,,,,,,,,,,,,,,,,,,,,,,,,,Illumina MiSeq,SRR7300269,,,,,,AAFROU000000000.1,Pathogen: clinical or host-associated,1,,,,28901,EDLB-CDC,,248100,ILLUMINA,357676187,GCA_006583665.1,,CDC,,,,,,,,,PAIRED,USA,CDC,,,,,,,,,,,,,,,,,,,,,,,,,,,,,,,,,,,,,,,FALSE,6/13/18,,,,,,,,,,,,,,,,,,,397,PDS000008116.25,PDT000329140.1,GCA_006583665.1,USA,,,Salmonella,Salmonella,enterica,,6/13/18,SRR7300269,1801MLJIX-1,1
SAMN11461569,Contig,,Salmonella enterica,,,Salmonella enterica,PDT000491779.1,"[PNUSAS071778, SRS4647042]",,SKESA v. 2.2,,4/18/19,4/18/19,,PNUSAS071778,83,78,,,4694642,,,,,,,,,,,,,,,,,,,,,,,10027628,,,28901,AACUJZ,,,,,,,,,4/18/19,,PRJNA230403,,,,2019-04-18T10:43:46.0,,,,,,,,,,,,,,,,,,,,,,,,,,,Illumina MiSeq,SRR8926753,,,,,,AACUJZ000000000.1,Pathogen: clinical or host-associated,1,,,,28901,EDLB-CDC,,108318,ILLUMINA,394277967,GCA_005410795.1,,CDC,,,,,,,,,PAIRED,USA,CDC,,,,,,,,,,,,,,,,,,,,,,,,,,,,,,,,,,,,,,,FALSE,4/18/19,,,,,,,,,,,,,,,,,,,396,PDS000044929.11,PDT000491779.1,GCA_005410795.1,USA,,,Salmonella,Salmonella,enterica,,4/18/19,SRR8926753,1904MLCO2-1,3
SAMN08134372,Contig,,Salmonella enterica subsp. enterica serovar Newport,,,Salmonella enterica subsp. enterica serovar Newport,PDT000269956.2,"[PNUSAS029435, SRS2744245]",urine,SKESA v. 2.2,,12/8/17,12/5/17,,PNUSAS029435,95,114,,,4696724,,,,,,,,,,,,,,,,,,,,,,,15121668,,,108619,AAMZZY,,,,11/1/17,Newport,10,,,12/8/17,,PRJNA230403,,,,2017-12-07T14:39:22.0,,,,,,,,,,,,,,,,,,,,,,,,,,,Illumina MiSeq,SRR6359152,,,,,,AAMZZY000000000.1,Pathogen: clinical or host-associated,1,,,,28901,EDLB-CDC,,79797,ILLUMINA,448212766,GCA_009586435.1,,CDC,,,PNUSAS029435,,,,,,PAIRED,USA,CDC,,,,,,,,,,,,,,,,,,,,,,,,,,,,,,,,,,,,,,,FALSE,12/8/17,,,,,,,,,,,,,,,,,,,499,PDS000029581.54,PDT000269956.2,GCA_009586435.1,USA,,,Salmonella,Salmonella,enterica,subsp. enterica serovar Newport,12/5/17,SRR6359152,1711WAJJP-1,2
SAMN08092881,Contig,,Salmonella enterica subsp. enterica serovar Newport,,,Salmonella enterica subsp. enterica serovar Newport,PDT000267818.2,"[PNUSAS028759, SRS2721526]",stool,SKESA v. 2.2,,11/29/17,11/22/17,,PNUSAS028759,108,72,,,4705182,,,,,,,,,,,,,,,,,,,,,,,15113108,,,108619,AAMZJS,,,,11/1/17,Newport,10,,,11/29/17,,PRJNA230403,,,,2017-11-29T16:19:20.0,,,,,,,,,,,,,,,,,,,,,,,,,,,Illumina MiSeq,SRR6330680,,,,,,AAMZJS000000000.1,Pathogen: clinical or host-associated,1,,,,28901,EDLB-CDC,,122039,ILLUMINA,508435034,GCA_009578225.1,,CDC,,,PNUSAS028759,,,,,,PAIRED,USA,CDC,,,,,,,,,,,,,,,,,,,,,,,,,,,,,,,,,,,,,,,FALSE,11/29/17,,,,,,,,,,,,,,,,,,,501,PDS000029581.54,PDT000267818.2,GCA_009578225.1,USA,,,Salmonella,Salmonella,enterica,subsp. enterica serovar Newport,11/22/17,SRR6330680,1711WAJJP-1,2
SAMN08153787,Contig,,Salmonella enterica subsp. enterica serovar Newport,,,Salmonella enterica subsp. enterica serovar Newport,PDT000272680.2,"[PNUSAS029564, SRS2761334]",stool,SKESA v. 2.2,,12/15/17,12/8/17,,PNUSAS029564,88,75,,,4702434,,,,,,,,,,,,,,,,,,,,,,,15125498,,,108619,AANAIR,,,,11/1/17,Newport,10,,,12/15/17,,PRJNA230403,,,,2017-12-15T16:15:19.0,,,,,,,,,,,,,,,,,,,,,,,,,,,Illumina MiSeq,SRR6380933,,,,,,AANAIR000000000.1,Pathogen: clinical or host-associated,1,,,,28901,EDLB-CDC,,112794,ILLUMINA,415679198,GCA_009590185.1,,CDC,,,PNUSAS029564,,,,,,PAIRED,USA,CDC,,,,,,,,,,,,,,,,,,,,,,,,,,,,,,,,,,,,,,,FALSE,12/15/17,,,,,,,,,,,,,,,,,,,500,PDS000029581.54,PDT000272680.2,GCA_009590185.1,USA,,,Salmonella,Salmonella,enterica,subsp. enterica serovar Newport,12/8/17,SRR6380933,1711WAJJP-1,2
SAMN08377131,Contig,,Salmonella enterica subsp. enterica serovar Typhimurium,,,Salmonella enterica subsp. enterica serovar Typhimurium,PDT000280638.2,"[PNUSAS032142, SRS2849252]",stool,SKESA v. 2.2,,1/22/18,1/18/18,,PNUSAS032142,78,64,,,4885088,,,,,,,,,,,,,,,,,,,,,,,17482608,,,90371,AAPLLE,,,,1/1/18,Typhimurium,5,,,1/22/18,,PRJNA230403,,,,2018-01-22T14:29:27.0,,,,,,,,,,,,,,,,,,,,,,,,,,,Illumina MiSeq,SRR6489981,,,,,,AAPLLE000000000.1,Pathogen: clinical or host-associated,1,,,,28901,EDLB-CDC,,225554,ILLUMINA,385012660,GCA_011169125.1,,,,,PNUSAS032142,,,,,,PAIRED,USA,CDC,,,,,,,,,,,,,,,,,,,,,,,,,,,,,,,,,,,,,,,FALSE,1/22/18,,,,,,,,,,,,,,,,,,,507,PDS000028255.41,PDT000280638.2,GCA_011169125.1,USA,,,Salmonella,Salmonella,enterica,subsp. enterica serovar Typhimurium,1/18/18,SRR6489981,1904MLCO2-1,3
SAMN08451860,Contig,,Salmonella enterica subsp. enterica serovar Typhimurium,,,Salmonella enterica subsp. enterica serovar Typhimurium,PDT000284801.2,"[PNUSAS032682, SRS2911598]",stool,SKESA v. 2.2,,2/5/18,2/1/18,,PNUSAS032682,122,59,,,4890665,,,,,,,,,,,,,,,,,,,,,,,24238218,,,90371,AAYHON,,,,12/1/17,Typhimurium,5,,,2/5/18,,PRJNA230403,,,,2018-02-05T08:43:27.0,,,,,,,,,,,,,,,,,,,,,,,,,,,Illumina MiSeq,SRR6670279,,,,,,AAYHON000000000.1,Pathogen: clinical or host-associated,1,,,,28901,EDLB-CDC,,257839,ILLUMINA,598708466,GCA_016357085.1,,CDC,,,PNUSAS032682,,,,,,PAIRED,USA,CDC,,,,,,,,,,,,,,,,,,,,,,,,,,,,,,,,,,,,,,,FALSE,2/5/18,,,,,,,,,,,,,,,,,,,507,PDS000013853.206,PDT000284801.2,GCA_016357085.1,USA,,,Salmonella,Salmonella,enterica,subsp. enterica serovar Typhimurium,2/1/18,SRR6670279,1904MLCO2-1,3
SAMN08134368,Contig,,Salmonella enterica subsp. enterica serovar Newport,,,Salmonella enterica subsp. enterica serovar Newport,PDT000269932.2,"[PNUSAS029130, SRS2744222]",urine,SKESA v. 2.2,,12/8/17,12/5/17,,PNUSAS029130,78,126,,,4691180,,,,,,,,,,,,,,,,,,,,,,,15116218,,,108619,AAMZRW,,,,11/1/17,Newport,10,,,12/8/17,,PRJNA230403,,,,2017-12-07T14:39:11.0,,,,,,,,,,,,,,,,,,,,,,,,,,,Illumina MiSeq,SRR6359128,,,,,,AAMZRW000000000.1,Pathogen: clinical or host-associated,1,,,,28901,EDLB-CDC,,64191,ILLUMINA,367231732,GCA_009581165.1,,CDC,,,PNUSAS029130,,,,,,PAIRED,USA,CDC,,,,,,,,,,,,,,,,,,,,,,,,,,,,,,,,,,,,,,,FALSE,12/8/17,,,,,,,,,,,,,,,,,,,499,PDS000029581.54,PDT000269932.2,GCA_009581165.1,USA,,,Salmonella,Salmonella,enterica,subsp. enterica serovar Newport,12/5/17,SRR6359128,1711WAJJP-1,2
SAMN09487774,Contig,,Salmonella enterica,,,Salmonella enterica,PDT000336741.1,"[PNUSAS042976, SRS3463073]",,SKESA v. 2.2,,6/26/18,6/26/18,,PNUSAS042976,86,26,,,4894873,,,,,,,,,,,,,,,,,,,,,,,11712918,,,28901,AAFWNU,,,,,,,,,6/26/18,,PRJNA230403,,,,2018-06-26T08:54:25.0,,,,,,,,,,,,,,,,,,,,,,,,,,,Illumina MiSeq,SRR7429470,,,,,,AAFWNU000000000.1,Pathogen: clinical or host-associated,1,,,,28901,EDLB-CDC,,372748,ILLUMINA,422574275,GCA_006650845.1,,CDC,,,,,,,,,PAIRED,USA,CDC,,,,,,,,,,,,,,,,,,,,,,,,,,,,,,,,,,,,,,,FALSE,6/26/18,,,,,,,,,,,,,,,,,,,396,PDS000015702.13,PDT000336741.1,GCA_006650845.1,USA,,,Salmonella,Salmonella,enterica,,6/26/18,SRR7429470,1801MLJIX-1,1
SAMN11249358,Contig,,Salmonella enterica,,,Salmonella enterica,PDT000482104.1,"[PNUSAS039659, SRS4534000]",,SKESA v. 2.2,,3/25/19,3/25/19,,PNUSAS039659,75,98,,,4866562,,,,,,,,,,,,,,,,,,,,,,,10690228,,,28901,AADXZP,,,,,,,,,3/25/19,,PRJNA230403,,,,2019-03-25T10:23:43.0,,,,,,,,,,,,,,,,,,,,,,,,,,,Illumina MiSeq,SRR8781001,,,,,,AADXZP000000000.1,Pathogen: clinical or host-associated,1,,,,28901,EDLB-CDC,,150271,ILLUMINA,365775567,GCA_005846725.1,,CDC,,,,,,,,,PAIRED,USA,CDC,,,,,,,,,,,,,,,,,,,,,,,,,,,,,,,,,,,,,,,FALSE,3/25/19,,,,,,,,,,,,,,,,,,,397,PDS000008116.25,PDT000482104.1,GCA_005846725.1,USA,,,Salmonella,Salmonella,enterica,,3/25/19,SRR8781001,1801MLJIX-1,1
SAMN11397516,Contig,,Salmonella enterica,,,Salmonella enterica,PDT000488818.1,"[PNUSAS071483, SRS4610822]",,SKESA v. 2.2,,4/11/19,4/11/19,,PNUSAS071483,100,21,,,4701531,,,,,,,,,,,,,,,,,,,,,,,10371238,,,28901,AADMWE,,,,,,,,,4/11/19,,PRJNA230403,,,,2019-04-11T09:55:36.0,,,,,,,,,,,,,,,,,,,,,,,,,,,Illumina MiSeq,SRR8882088,,,,,,AADMWE000000000.1,Pathogen: clinical or host-associated,1,,,,28901,EDLB-CDC,,675377,ILLUMINA,472856201,GCA_005633515.1,,CDC,,,,,,,,,PAIRED,USA,CDC,,,,,,,,,,,,,,,,,,,,,,,,,,,,,,,,,,,,,,,FALSE,4/11/19,,,,,,,,,,,,,,,,,,,396,PDS000044929.11,PDT000488818.1,GCA_005633515.1,USA,,,Salmonella,Salmonella,enterica,,4/11/19,SRR8882088,1904MLCO2-1,3
SAMN08134369,Contig,,Salmonella enterica subsp. enterica serovar Newport,,,Salmonella enterica subsp. enterica serovar Newport,PDT000269937.2,"[PNUSAS029131, SRS2744225]",stool,SKESA v. 2.2,,12/8/17,12/5/17,,PNUSAS029131,86,86,,,4701681,,,,,,,,,,,,,,,,,,,,,,,15059478,,,108619,AAMWVN,,,,11/1/17,Newport,10,,,12/8/17,,PRJNA230403,,,,2017-12-07T14:39:13.0,,,,,,,,,,,,,,,,,,,,,,,,,,,Illumina MiSeq,SRR6359133,,,,,,AAMWVN000000000.1,Pathogen: clinical or host-associated,1,,,,28901,EDLB-CDC,,98854,ILLUMINA,405339257,GCA_009532095.1,,CDC,,,PNUSAS029131,,,,,,PAIRED,USA,CDC,,,,,,,,,,,,,,,,,,,,,,,,,,,,,,,,,,,,,,,FALSE,12/8/17,,,,,,,,,,,,,,,,,,,498,PDS000029581.54,PDT000269937.2,GCA_009532095.1,USA,,,Salmonella,Salmonella,enterica,subsp. enterica serovar Newport,12/5/17,SRR6359133,1711WAJJP-1,2
SAMN08865616,Contig,,Salmonella enterica,,,Salmonella enterica,PDT000303401.2,"[PNUSAS037801, SRS3124342]",,SKESA v. 2.2,,4/4/18,4/4/18,,PNUSAS037801,83,261,,,4861474,,,,,,,,,,,,,,,,,,,,,,,12617338,,,28901,AAICHT,,,,,,,,,4/4/18,,PRJNA230403,,,,2018-04-04T15:14:47.0,,,,,,,,,,,,,,,,,,,,,,,,,,,Illumina MiSeq,SRR6940838,,,,,,AAICHT000000000.1,Pathogen: clinical or host-associated,1,,,,28901,EDLB-CDC,,42795,ILLUMINA,406544932,GCA_007490425.1,,CDC,,,,,,,,,PAIRED,USA,CDC,,,,,,,,,,,,,,,,,,,,,,,,,,,,,,,,,,,,,,,FALSE,4/4/18,,,,,,,,,,,,,,,,,,,396,PDS000015702.13,PDT000303401.2,GCA_007490425.1,USA,,,Salmonella,Salmonella,enterica,,4/4/18,SRR6940838,1801MLJIX-1,1
SAMN11604585,Contig,,Salmonella enterica,,,Salmonella enterica,PDT000499414.1,"[PNUSAS074578, SRS4736051]",,SKESA v. 2.2,,5/8/19,5/8/19,,PNUSAS074578,71,23,,,4700152,,,,,,,,,,,,,,,,,,,,,,,10452788,,,28901,AADNGY,,,,,,,,,5/8/19,,PRJNA230403,,,,2019-05-08T11:05:24.0,,,,,,,,,,,,,,,,,,,,,,,,,,,Illumina MiSeq,SRR9029126,,,,,,AADNGY000000000.1,Pathogen: clinical or host-associated,1,,,,28901,EDLB-CDC,,569882,ILLUMINA,338149980,GCA_005675155.1,,CDC,,,,,,,,,PAIRED,USA,CDC,,,,,,,,,,,,,,,,,,,,,,,,,,,,,,,,,,,,,,,FALSE,5/8/19,,,,,,,,,,,,,,,,,,,396,PDS000044929.11,PDT000499414.1,GCA_005675155.1,USA,,,Salmonella,Salmonella,enterica,,5/8/19,SRR9029126,1904MLCO2-1,3
SAMN12036259,Contig,,Salmonella enterica,,,Salmonella enterica,PDT000521528.1,"[PNUSAS076568, SRS4953105]",,SKESA v. 2.2,,6/12/19,6/12/19,,PNUSAS076568,92,19,,,4700509,,,,,,,,,,,,,,,,,,,,,,,11432748,,,28901,AAFITP,,,,,,,,,6/12/19,,PRJNA230403,,,,2019-06-12T13:33:26.0,,,,,,,,,,,,,,,,,,,,,,,,,,,Illumina MiSeq,SRR9283178,,,,,,AAFITP000000000.1,Pathogen: clinical or host-associated,1,,,,28901,EDLB-CDC,,691645,ILLUMINA,434962803,GCA_006426695.1,,CDC,,,,,,,,,PAIRED,USA,CDC,,,,,,,,,,,,,,,,,,,,,,,,,,,,,,,,,,,,,,,FALSE,6/12/19,,,,,,,,,,,,,,,,,,,397,PDS000044929.11,PDT000521528.1,GCA_006426695.1,USA,,,Salmonella,Salmonella,enterica,,6/12/19,SRR9283178,1904MLCO2-1,3
SAMN08092878,Contig,,Salmonella enterica subsp. enterica serovar Newport,,,Salmonella enterica subsp. enterica serovar Newport,PDT000267300.2,"[PNUSAS028140, SRS2716600]",stool,SKESA v. 2.2,,11/27/17,11/22/17,,PNUSAS028140,78,57,,,4706174,,,,,,,,,,,,,,,,,,,,,,,15058968,,,108619,AAMWIO,,,,11/1/17,Newport,10,,,11/27/17,,PRJNA230403,,,,2017-11-27T16:24:21.0,,,,,,,,,,,,,,,,,,,,,,,,,,,Illumina MiSeq,SRR6325220,,,,,,AAMWIO000000000.1,Pathogen: clinical or host-associated,1,,,,28901,EDLB-CDC,,127479,ILLUMINA,369473464,GCA_009531695.1,,CDC,,,PNUSAS028140,,,,,,PAIRED,USA,CDC,,,,,,,,,,,,,,,,,,,,,,,,,,,,,,,,,,,,,,,FALSE,11/27/17,,,,,,,,,,,,,,,,,,,498,PDS000029581.54,PDT000267300.2,GCA_009531695.1,USA,,,Salmonella,Salmonella,enterica,subsp. enterica serovar Newport,11/22/17,SRR6325220,1711WAJJP-1,2
SAMN08286629,Contig,,Salmonella enterica subsp. enterica serovar Newport,,,Salmonella enterica subsp. enterica serovar Newport,PDT000275962.2,"[PNUSAS031125, SRS2807367]",stool,SKESA v. 2.2,,1/4/18,1/2/18,,PNUSAS031125,65,77,,,4700613,,,,,,,,,,,,,,,,,,,,,,,16238878,,,108619,AANFID,,,,12/1/17,Newport,10,,,1/4/18,,PRJNA230403,,,,2018-01-04T13:06:21.0,,,,,,,,,,,,,,,,,,,,,,,,,,,Illumina MiSeq,SRR6440561,,,,,,AANFID000000000.1,Pathogen: clinical or host-associated,1,,,,28901,EDLB-CDC,,133481,ILLUMINA,306953997,GCA_010141935.1,,CDC,,,PNUSAS031125,,,,,,PAIRED,USA,CDC,,,,,,,,,,,,,,,,,,,,,,,,,,,,,,,,,,,,,,,FALSE,1/4/18,,,,,,,,,,,,,,,,,,,497,PDS000029581.54,PDT000275962.2,GCA_010141935.1,USA,,,Salmonella,Salmonella,enterica,subsp. enterica serovar Newport,1/2/18,SRR6440561,1711WAJJP-1,2
SAMN12036258,Contig,,Salmonella enterica,,,Salmonella enterica,PDT000521522.1,"[PNUSAS076569, SRS4953099]",,SKESA v. 2.2,,6/12/19,6/12/19,,PNUSAS076569,71,42,,,4785384,,,,,,,,,,,,,,,,,,,,,,,11432688,,,28901,AAFITL,,,,,,,,,6/12/19,,PRJNA230403,,,,2019-06-12T13:32:38.0,,,,,,,,,,,,,,,,,,,,,,,,,,,Illumina MiSeq,SRR9283172,,,,,,AAFITL000000000.1,Pathogen: clinical or host-associated,1,,,,28901,EDLB-CDC,,273786,ILLUMINA,342254205,GCA_006426635.1,,CDC,,,,,,,,,PAIRED,USA,CDC,,,,,,,,,,,,,,,,,,,,,,,,,,,,,,,,,,,,,,,FALSE,6/12/19,,,,,,,,,,,,,,,,,,,397,PDS000044929.11,PDT000521522.1,GCA_006426635.1,USA,,,Salmonella,Salmonella,enterica,,6/12/19,SRR9283172,1904MLCO2-1,3
SAMN08092885,Contig,,Salmonella enterica subsp. enterica serovar Newport,,,Salmonella enterica subsp. enterica serovar Newport,PDT000267816.2,"[PNUSAS028771, SRS2721523]",stool,SKESA v. 2.2,,11/29/17,11/22/17,,PNUSAS028771,111,25,,,4709182,,,,,,,,,,,,,,,,,,,,,,,15048018,,,108619,AAMWLH,,,,11/1/17,Newport,10,,,11/29/17,,PRJNA230403,,,,2017-11-29T16:19:20.0,,,,,,,,,,,,,,,,,,,,,,,,,,,Illumina MiSeq,SRR6330678,,,,,,AAMWLH000000000.1,Pathogen: clinical or host-associated,1,,,,28901,EDLB-CDC,,440591,ILLUMINA,526017495,GCA_009523035.1,,CDC,,,PNUSAS028771,,,,,,PAIRED,USA,CDC,,,,,,,,,,,,,,,,,,,,,,,,,,,,,,,,,,,,,,,FALSE,11/29/17,,,,,,,,,,,,,,,,,,,499,PDS000029581.54,PDT000267816.2,GCA_009523035.1,USA,,,Salmonella,Salmonella,enterica,subsp. enterica serovar Newport,11/22/17,SRR6330678,1711WAJJP-1,2
SAMN08150372,Contig,,Salmonella enterica subsp. enterica serovar Typhimurium,,,Salmonella enterica subsp. enterica serovar Typhimurium,PDT000271432.2,"[PNUSAS029803, SRS2755994]",stool,SKESA v. 2.2,,12/13/17,12/8/17,,PNUSAS029803,66,151,,,4875065,,,,,,,,,,,,,,,,,,,,,,,24199518,,,90371,AAYFGN,,,,11/1/17,Typhimurium,8,,,12/13/17,,PRJNA230403,,,,2017-12-13T15:14:46.0,,,,,,,,,,,,,,,,,,,,,,,,,,,Illumina MiSeq,SRR6373458,,,,,,AAYFGN000000000.1,Pathogen: clinical or host-associated,1,,,,28901,EDLB-CDC,,61436,ILLUMINA,324337742,GCA_016319205.1,,CDC,,,PNUSAS029803,,,,,,PAIRED,USA,CDC,,,,,,,,,,,,,,,,,,,,,,,,,,,,,,,,,,,,,,,FALSE,12/13/17,,,,,,,,,,,,,,,,,,,508,PDS000013853.206,PDT000271432.2,GCA_016319205.1,USA,,,Salmonella,Salmonella,enterica,subsp. enterica serovar Typhimurium,12/8/17,SRR6373458,1904MLCO2-1,3
SAMN08737165,Contig,,Salmonella enterica,,,Salmonella enterica,PDT000296125.2,"[CFSAN078233, FDA00012750, FDA971555-C001-019, SRS3074705]",alfalfa sprout,SKESA v. 2.2,,3/20/18,3/19/18,,FDA971555-C001-019,116,62,,,4868659,CFSAN078233;FDA00012750,,,,,,,,,,,,,,,,,,,,,,11072878,,,28901,AAEWDV,,,,1/1/18,,,,,3/20/18,,PRJNA186035,,,,2018-03-20T18:48:20.0,,,,,,,,,,,,,,,,,,,,,,,,,,,Illumina MiSeq,SRR6872085,,,,,,AAEWDV000000000.1,Pathogen: environmental/food/other,1,,,,28901,CFSAN,,407135,ILLUMINA,569445819,GCA_006202545.1,,FDA,,,,,alfalfa sprout:FOODON_00002670,,,Food,PAIRED,USA:MN,Center for Food Safety and Applied Nutrition,,,,,,,,,,,,,,,,,,,,,,,,,,,,,,,,,,,,,,,FALSE,3/20/18,,,,,,,,,,,,,,,,,,,551,PDS000008116.25,PDT000296125.2,GCA_006202545.1,USA,MN,USA127,Salmonella,Salmonella,enterica,,3/19/18,SRR6872085,1801MLJIX-1,1
SAMN09101043,Contig,,Salmonella enterica,,,Salmonella enterica,PDT000312850.2,"[PNUSAS040051, SRS3277962]",,SKESA v. 2.2,,5/9/18,5/9/18,,PNUSAS040051,73,62,,,4869144,,,,,,,,,,,,,,,,,,,,,,,11158438,,,28901,AAFBHZ,,,,,,,,,5/9/18,,PRJNA230403,,,,2018-05-09T14:59:27.0,,,,,,,,,,,,,,,,,,,,,,,,,,,Illumina MiSeq,SRR7140363,,,,,,AAFBHZ000000000.1,Pathogen: clinical or host-associated,1,,,,28901,EDLB-CDC,,270593,ILLUMINA,358096032,GCA_006287635.1,,CDC,,,,,,,,,PAIRED,USA,CDC,,,,,,,,,,,,,,,,,,,,,,,,,,,,,,,,,,,,,,,FALSE,5/9/18,,,,,,,,,,,,,,,,,,,396,PDS000008116.25,PDT000312850.2,GCA_006287635.1,USA,,,Salmonella,Salmonella,enterica,,5/9/18,SRR7140363,1801MLJIX-1,1
SAMN11618544,Contig,,Salmonella enterica,,,Salmonella enterica,PDT000499703.1,"[PNUSAS074536, SRS4746384]",food,SKESA v. 2.2,,5/10/19,5/10/19,,PNUSAS074536,59,23,,,4699164,,,,,,,,,,,,,,,,,,,,,,,10715428,,,28901,AADZAP,,,,,,,,,5/10/19,,PRJNA230403,,,,2019-05-10T09:24:31.0,,,,,,,,,,,,,,,,,,,,,,,,,,,Illumina MiSeq,SRR9040362,,,,,,AADZAP000000000.1,Pathogen: environmental/food/other,1,,,,28901,EDLB-CDC,,492300,ILLUMINA,281729898,GCA_005862745.1,,NY,,,,,,,,,PAIRED,USA:NY,CDC,,,,,,,,,,,,,,,,,,,,,,,,,,,,,,,,,,,,,,,FALSE,5/10/19,,,,,,,,,,,,,,,,,,,400,PDS000044929.11,PDT000499703.1,GCA_005862745.1,USA,NY,USA136,Salmonella,Salmonella,enterica,,5/10/19,SRR9040362,1904MLCO2-1,3
SAMN08092880,Contig,,Salmonella enterica subsp. enterica serovar Newport,,,Salmonella enterica subsp. enterica serovar Newport,PDT000267811.2,"[PNUSAS028758, SRS2721517]",stool,SKESA v. 2.2,,11/29/17,11/22/17,,PNUSAS028758,109,157,,,4668740,,,,,,,,,,,,,,,,,,,,,,,15048098,,,108619,AAMWLG,,,,11/1/17,Newport,10,,,11/29/17,,PRJNA230403,,,,2017-11-29T16:14:26.0,,,,,,,,,,,,,,,,,,,,,,,,,,,Illumina MiSeq,SRR6330673,,,,,,AAMWLG000000000.1,Pathogen: clinical or host-associated,1,,,,28901,EDLB-CDC,,49755,ILLUMINA,509565593,GCA_009523095.1,,CDC,,,PNUSAS028758,,,,,,PAIRED,USA,CDC,,,,,,,,,,,,,,,,,,,,,,,,,,,,,,,,,,,,,,,FALSE,11/29/17,,,,,,,,,,,,,,,,,,,500,PDS000029581.54,PDT000267811.2,GCA_009523095.1,USA,,,Salmonella,Salmonella,enterica,subsp. enterica serovar Newport,11/22/17,SRR6330673,1711WAJJP-1,2
SAMN08235460,Contig,,Salmonella enterica subsp. enterica serovar Newport,,,Salmonella enterica subsp. enterica serovar Newport,PDT000274330.2,"[CFSAN073557, FDA00012450, FDA970503-109-001, FNW19O100, SRS2784207]",environmental swab,SKESA v. 2.2,,12/22/17,12/22/17,,FDA970503-109-001,81,27,,,4708435,FNW19O100;CFSAN073557;FDA00012450,,,,,,,,,,,,,,,,,,,,,,15128718,,,108619,AANAOE,,,,12/8/17,Newport,,,,12/22/17,,PRJNA186035,,,,2017-12-22T17:44:19.0,,,,,,,,,,,,,,,,,,,,,,,,,,,Illumina MiSeq,SRR6413643,,,,,,AANAOE000000000.1,Pathogen: environmental/food/other,1,,,,28901,CFSAN,,384176,ILLUMINA,382423255,GCA_009593325.1,,FDA,,,,environmental,environmental (swab or sampling):GENEPIO_0001732,,,Environmental,PAIRED,USA:OR,Center for Food Safety and Applied Nutrition,,,,,,,,,,,,,,,,,,,,,,,,,,,,,,,,,,,,,,,FALSE,12/22/17,,,,,,,,,,,,,,,,,,,691,PDS000029581.54,PDT000274330.2,GCA_009593325.1,USA,OR,USA141,Salmonella,Salmonella,enterica,subsp. enterica serovar Newport,12/22/17,SRR6413643,1711WAJJP-1,2
SAMN08278410,Contig,,Salmonella enterica,,,Salmonella enterica,PDT000275855.2,"[PNUSAS031189, SRS2807069]",,SKESA v. 2.2,,1/4/18,12/30/17,,PNUSAS031189,186,24,,,4708265,,,,,,,,,,,,,,,,,,,,,,,11055618,,,28901,AAEUXP,,,,,,,,,1/4/18,,PRJNA230403,,,,2018-01-04T12:44:21.0,,,,,,,,,,,,,,,,,,,,,,,,,,,Illumina MiSeq,SRR6440230,,,,,,AAEUXP000000000.1,Pathogen: clinical or host-associated,1,,,,28901,EDLB-CDC,,548625,ILLUMINA,878541138,GCA_006185285.1,,CDC,,,PNUSAS031189,,,,,,PAIRED,USA,CDC,,,,,,,,,,,,,,,,,,,,,,,,,,,,,,,,,,,,,,,FALSE,1/4/18,,,,,,,,,,,,,,,,,,,409,PDS000029581.54,PDT000275855.2,GCA_006185285.1,USA,,,Salmonella,Salmonella,enterica,,12/30/17,SRR6440230,1711WAJJP-1,2
SAMN08737161,Contig,,Salmonella enterica,,,Salmonella enterica,PDT000296128.2,"[CFSAN078235, FDA00012752, FDA971555-C002-022, SRS3074709]",alfalfa sprout,SKESA v. 2.2,,3/20/18,3/19/18,,FDA971555-C002-022,112,33,,,4912209,CFSAN078235;FDA00012752,,,,,,,,,,,,,,,,,,,,,,11139718,,,28901,AAEZXE,,,,1/1/18,,,,,3/20/18,,PRJNA186035,,,,2018-03-20T18:56:19.0,,,,,,,,,,,,,,,,,,,,,,,,,,,Illumina MiSeq,SRR6872089,,,,,,AAEZXE000000000.1,Pathogen: environmental/food/other,1,,,,28901,CFSAN,,303452,ILLUMINA,551031809,GCA_006268935.1,,FDA,,,,,alfalfa sprout:FOODON_00002670,,,Food,PAIRED,USA:MN,Center for Food Safety and Applied Nutrition,,,,,,,,,,,,,,,,,,,,,,,,,,,,,,,,,,,,,,,FALSE,3/20/18,,,,,,,,,,,,,,,,,,,550,PDS000015702.13,PDT000296128.2,GCA_006268935.1,USA,MN,USA127,Salmonella,Salmonella,enterica,,3/19/18,SRR6872089,1801MLJIX-1,1
SAMN08452269,Contig,,Salmonella enterica,,,Salmonella enterica,PDT000284788.2,"[PNUSAS032683, SRS2911584]",,SKESA v. 2.2,,2/5/18,2/1/18,,PNUSAS032683,57,56,,,4888902,,,,,,,,,,,,,,,,,,,,,,,11191548,,,28901,AAFDDK,,,,,,,,,2/5/18,,PRJNA230403,,,,2018-02-05T08:42:20.0,,,,,,,,,,,,,,,,,,,,,,,,,,,Illumina MiSeq,SRR6670266,,,,,,AAFDDK000000000.1,Pathogen: clinical or host-associated,1,,,,28901,EDLB-CDC,,273328,ILLUMINA,279696674,GCA_006313065.1,,,,,PNUSAS032683,,,,,,PAIRED,USA,CDC,,,,,,,,,,,,,,,,,,,,,,,,,,,,,,,,,,,,,,,FALSE,2/5/18,,,,,,,,,,,,,,,,,,,404,PDS000013845.330,PDT000284788.2,GCA_006313065.1,USA,,,Salmonella,Salmonella,enterica,,2/1/18,SRR6670266,1904MLCO2-1,3
SAMN09197792,Contig,,Salmonella enterica subsp. enterica serovar Cubana,,,Salmonella enterica subsp. enterica serovar Cubana,PDT000313256.2,"[PNUSAS037168, SRS3290447]",stool,SKESA v. 2.2,,5/11/18,5/11/18,,PNUSAS037168,55,94,,,4865301,,,,,,,,,,,,,,,,,,,,,,,16931988,,,189201,AAOPFI,,,,2/1/18,Cubana,4,,,5/11/18,,PRJNA230403,,,,2018-05-11T11:19:33.0,,,,,,,,,,,,,,,,,,,,,,,,,,,Illumina MiSeq,SRR7153388,,,,,,AAOPFI000000000.1,Pathogen: clinical or host-associated,1,,,,28901,EDLB-CDC,,140517,ILLUMINA,271906788,GCA_010785115.1,,CDC,,,,,,,,,PAIRED,USA,CDC,,,,,,,,,,,,,,,,,,,,,,,,,,,,,,,,,,,,,,,FALSE,5/11/18,,,,,,,,,,,,,,,,,,,483,PDS000008116.25,PDT000313256.2,GCA_010785115.1,USA,,,Salmonella,Salmonella,enterica,subsp. enterica serovar Cubana,5/11/18,SRR7153388,1801MLJIX-1,1